Workbook

Sheet Notes
A1: Notes on this run:
A3: Includes DXE dilution samples, Sunapee, and May-December reservoir samples.
B4: NOTE: DXE samples with visible algae need to be rerun.
A5: Bolded columns in QAQC have edited formulas from normal.
A6: Applied end of run curve to everything from S40 to the end, because checks aren't coming out correctly post-restarting the lachat.

Sheet QAQC
A1: Detection Date | B1: Detection Time | C1: Run File Name | D1: Sample ID | E1: Cup Number | F1: Sample Type | G1: Auto Dilution Factor | H1: Manual Dilution Factor | I1: Analyte Name | J1: Concentration Units | K1: Peak Height | L1: Peak Area | M1: Peak Concentration | N1: Analyte Name | O1: Concentration Units | P1: Peak Height | Q1: Peak Area | R1: Peak Concentration | S1: Column efficiency | T1: DILUTION FACTOR | U1: Analyst QUALITY CODE PO4-P: | V1: Analyst NOTES: | W1: PO4-P-- determined concentration | X1: PO4-P-- revised calibration | Y1: PO4-P-- dilution corrected | Z1: PO4-P- % Error in check stds | AA1: PO4-P- DQO (<=20%) | AB1: PO4-P- RPD of duplicates | AC1: PO4-P- DQO (<=20% if conc>LOQ) | AD1: PO4-P- PR of spikes | AE1: PO4-P- DQO (80-120%) if conc>LOQ | AF1: Analyst QUALITY CODE NO3-N: | AG1: Analyst NOTES: | AH1: NO3-N-- determined concentration | AI1: NO3-N-- revised calibration | AJ1: NO3-N-- dilution corrected | AK1: NO3-N- % Error in check stds | AL1: NO3-N- DQO (<=20%) | AM1: NO3-N- RPD of duplicates | AN1: NO3-N- DQO (<=20% if conc>LOQ) | AO1: NO3-N- PR of spikes | AP1: NO3-N- DQO (80-120%) if conc>LOQ | AR1: original order
A2: STANDARDS:
A3: 46085 | B3: 0.43225694 | C3: OM_3-4-2026_10-18-36AM.OMN | D3: dye | E3: S16 | F3: Unknown | G3: 1 | H3: 1 | I3: TP | J3: ug P/L | K3: 0.172 | L3: 1.79 | M3: 34.2 | N3: TN | O3: ug N/L | P3: -0.0107 | Q3: -0.121 | R3: -116 | T3: 1 | U3: 1 | W3: =M3*H3 -> 34.2 | X3: =W3 -> 34.2 | Y3: =IF(T3=1,X3,(X3*T3)) -> 34.2 | AF3: 1 | AH3: =R3*H3 -> -116 | AI3: =AH3 -> -116 | AJ3: =IF(T3=1,AI3,(AI3*T3)) -> -116 | AR3: 1
A4: 46085 | B4: 0.43318287 | C4: OM_3-4-2026_10-18-36AM.OMN | D4: dye | E4: S16 | F4: Unknown | G4: 1 | H4: 1 | I4: TP | J4: ug P/L | K4: 0.135 | L4: 1.37 | M4: 21.6 | N4: TN | O4: ug N/L | P4: 0.0251 | Q4: 0.0326 | R4: -100 | T4: 1 | U4: 1 | W4: =M4*H4 -> 21.6 | X4: =W4 -> 21.6 | Y4: =IF(T4=1,X4,(X4*T4)) -> 21.6 | AF4: 1 | AH4: =R4*H4 -> -100 | AI4: =AH4 -> -100 | AJ4: =IF(T4=1,AI4,(AI4*T4)) -> -100 | AR4: 2
A5: 46085 | B5: 0.43407407 | C5: OM_3-4-2026_10-18-36AM.OMN | D5: NO2 | E5: S1 | F5: Unknown | G5: 1 | H5: 1 | I5: TP | J5: ug P/L | K5: 0.14 | L5: 1.41 | M5: 22.8 | N5: TN | O5: ug N/L | P5: 1.89 | Q5: 20.6 | R5: 2030 | S5: =100*(Q6/Q5) -> 99.514563 | T5: 1 | U5: 1 | W5: =M5*H5 -> 22.8 | X5: =W5 -> 22.8 | Y5: =IF(T5=1,X5,(X5*T5)) -> 22.8 | AF5: 1 | AH5: =R5*H5 -> 2030 | AI5: =AH5 -> 2030 | AJ5: =IF(T5=1,AI5,(AI5*T5)) -> 2030 | AR5: 3
A6: 46085 | B6: 0.4349537 | C6: OM_3-4-2026_10-18-36AM.OMN | D6: NO3 | E6: S2 | F6: Unknown | G6: 1 | H6: 1 | I6: TP | J6: ug P/L | K6: 0.139 | L6: 1.39 | M6: 22.1 | N6: TN | O6: ug N/L | P6: 1.92 | Q6: 20.5 | R6: 2030 | T6: 1 | U6: 1 | W6: =M6*H6 -> 22.1 | X6: =W6 -> 22.1 | Y6: =IF(T6=1,X6,(X6*T6)) -> 22.1 | AF6: 1 | AH6: =R6*H6 -> 2030 | AI6: =AH6 -> 2030 | AJ6: =IF(T6=1,AI6,(AI6*T6)) -> 2030 | AR6: 4
A7: 46085 | B7: 0.43583333 | C7: OM_3-4-2026_10-18-36AM.OMN | D7: NO2 | E7: S1 | F7: Unknown | G7: 1 | H7: 1 | I7: TP | J7: ug P/L | K7: 0.138 | L7: 1.4 | M7: 22.6 | N7: TN | O7: ug N/L | P7: 1.83 | Q7: 20 | R7: 1970 | S7: =100*(Q8/Q7) -> 105.5 | T7: 1 | U7: 1 | W7: =M7*H7 -> 22.6 | X7: =W7 -> 22.6 | Y7: =IF(T7=1,X7,(X7*T7)) -> 22.6 | AF7: 1 | AH7: =R7*H7 -> 1970 | AI7: =AH7 -> 1970 | AJ7: =IF(T7=1,AI7,(AI7*T7)) -> 1970 | AR7: 5
A8: 46085 | B8: 0.43671296 | C8: OM_3-4-2026_10-18-36AM.OMN | D8: NO3 | E8: S2 | F8: Unknown | G8: 1 | H8: 1 | I8: TP | J8: ug P/L | K8: 0.143 | L8: 1.49 | M8: 25.1 | N8: TN | O8: ug N/L | P8: 1.98 | Q8: 21.1 | R8: 2090 | T8: 1 | U8: 1 | W8: =M8*H8 -> 25.1 | X8: =W8 -> 25.1 | Y8: =IF(T8=1,X8,(X8*T8)) -> 25.1 | AF8: 1 | AH8: =R8*H8 -> 2090 | AI8: =AH8 -> 2090 | AJ8: =IF(T8=1,AI8,(AI8*T8)) -> 2090 | AR8: 6
A9: 46085 | B9: 0.43760417 | C9: OM_3-4-2026_10-18-36AM.OMN | D9: water | E9: S3 | F9: Unknown | G9: 1 | H9: 1 | I9: TP | J9: ug P/L | K9: 0.141 | L9: 1.43 | M9: 23.2 | N9: TN | O9: ug N/L | P9: 0.0112 | Q9: 0.355 | R9: -66 | T9: 1 | U9: 1 | W9: =M9*H9 -> 23.2 | X9: =W9 -> 23.2 | Y9: =IF(T9=1,X9,(X9*T9)) -> 23.2 | AF9: 1 | AH9: =R9*H9 -> -66 | AI9: =AH9 -> -66 | AJ9: =IF(T9=1,AI9,(AI9*T9)) -> -66 | AR9: 7
A10: 46085 | B10: 0.43849537 | C10: OM_3-4-2026_10-18-36AM.OMN | D10: water | E10: S3 | F10: Unknown | G10: 1 | H10: 1 | I10: TP | J10: ug P/L | K10: 0.141 | L10: 1.46 | M10: 24.4 | N10: TN | O10: ug N/L | P10: 0.0306 | Q10: 0.052 | R10: -98 | T10: 1 | U10: 1 | W10: =M10*H10 -> 24.4 | X10: =W10 -> 24.4 | Y10: =IF(T10=1,X10,(X10*T10)) -> 24.4 | AF10: 1 | AH10: =R10*H10 -> -98 | AI10: =AH10 -> -98 | AJ10: =IF(T10=1,AI10,(AI10*T10)) -> -98 | AR10: 8
A11: 46085 | B11: 0.43939815 | C11: OM_3-4-2026_10-18-36AM.OMN | D11: bisulfate carrier | E11: S4 | F11: Unknown | G11: 1 | H11: 1 | I11: TP | J11: ug P/L | K11: 0.0104 | L11: 0.0978 | M11: -16.9 | N11: TN | O11: ug N/L | P11: -0.028 | Q11: -0.178 | R11: -122 | T11: 1 | U11: 1 | W11: =M11*H11 -> -16.9 | X11: =W11 -> -16.9 | Y11: =IF(T11=1,X11,(X11*T11)) -> -16.9 | AF11: 1 | AH11: =R11*H11 -> -122 | AI11: =AH11 -> -122 | AJ11: =IF(T11=1,AI11,(AI11*T11)) -> -122 | AR11: 9
A12: 46085 | B12: 0.44027778 | C12: OM_3-4-2026_10-18-36AM.OMN | D12: bisulfate carrier | E12: S4 | F12: Unknown | G12: 1 | H12: 1 | I12: TP | J12: ug P/L | K12: 0.0113 | L12: 0.11 | M12: -16.6 | N12: TN | O12: ug N/L | P12: -0.0216 | Q12: -0.165 | R12: -121 | T12: 1 | U12: 1 | W12: =M12*H12 -> -16.6 | X12: =W12 -> -16.6 | Y12: =IF(T12=1,X12,(X12*T12)) -> -16.6 | AF12: 1 | AH12: =R12*H12 -> -121 | AI12: =AH12 -> -121 | AJ12: =IF(T12=1,AI12,(AI12*T12)) -> -121 | AR12: 10
A13: 46085 | B13: 0.44118056 | C13: OM_3-4-2026_10-18-36AM.OMN | D13: cal std 150 | E13: 1 | F13: Calibration Standard | G13: 1 | H13: 1 | I13: TP | J13: ug P/L | K13: 0.294 | L13: 4.73 | M13: 150 | N13: TN | O13: ug N/L | P13: 1.93 | Q13: 20.2 | R13: 1500 | T13: 1 | U13: 1 | W13: =M13*H13 -> 150 | X13: =W13 -> 150 | Y13: =IF(T13=1,X13,(X13*T13)) -> 150 | AF13: 1 | AH13: =R13*H13 -> 1500 | AI13: =AH13 -> 1500 | AJ13: =IF(T13=1,AI13,(AI13*T13)) -> 1500 | AR13: 11
A14: 46085 | B14: 0.44208333 | C14: OM_3-4-2026_10-18-36AM.OMN | D14: cal std 150 | E14: 1 | F14: Calibration Standard | G14: 1 | H14: 1 | I14: TP | J14: ug P/L | K14: 0.294 | L14: 4.68 | M14: 150 | N14: TN | O14: ug N/L | P14: 1.96 | Q14: 20.6 | R14: 1500 | T14: 1 | U14: 1 | W14: =M14*H14 -> 150 | X14: =W14 -> 150 | Y14: =IF(T14=1,X14,(X14*T14)) -> 150 | AF14: 1 | AH14: =R14*H14 -> 1500 | AI14: =AH14 -> 1500 | AJ14: =IF(T14=1,AI14,(AI14*T14)) -> 1500 | AR14: 12
A15: 46085 | B15: 0.44297454 | C15: OM_3-4-2026_10-18-36AM.OMN | D15: cal std 100 | E15: 3 | F15: Calibration Standard | G15: 1 | H15: 1 | I15: TP | J15: ug P/L | K15: 0.202 | L15: 3.3 | M15: 100 | N15: TN | O15: ug N/L | P15: 1.32 | Q15: 14 | R15: 1000 | T15: 1 | U15: 1 | W15: =M15*H15 -> 100 | X15: =W15 -> 100 | Y15: =IF(T15=1,X15,(X15*T15)) -> 100 | AF15: 1 | AH15: =R15*H15 -> 1000 | AI15: =AH15 -> 1000 | AJ15: =IF(T15=1,AI15,(AI15*T15)) -> 1000 | AR15: 13
A16: 46085 | B16: 0.44386574 | C16: OM_3-4-2026_10-18-36AM.OMN | D16: cal std 100 | E16: 3 | F16: Calibration Standard | G16: 1 | H16: 1 | I16: TP | J16: ug P/L | K16: 0.202 | L16: 3.32 | M16: 100 | N16: TN | O16: ug N/L | P16: 1.3 | Q16: 13.8 | R16: 1000 | T16: 1 | U16: 1 | W16: =M16*H16 -> 100 | X16: =W16 -> 100 | Y16: =IF(T16=1,X16,(X16*T16)) -> 100 | AF16: 1 | AH16: =R16*H16 -> 1000 | AI16: =AH16 -> 1000 | AJ16: =IF(T16=1,AI16,(AI16*T16)) -> 1000 | AR16: 14
A17: 46085 | B17: 0.44475694 | C17: OM_3-4-2026_10-18-36AM.OMN | D17: cal std 50 | E17: 5 | F17: Calibration Standard | G17: 1 | H17: 1 | I17: TP | J17: ug P/L | K17: 0.102 | L17: 1.79 | M17: 50 | N17: TN | O17: ug N/L | P17: 0.65 | Q17: 7.12 | R17: 500 | T17: 1 | U17: 1 | W17: =M17*H17 -> 50 | X17: =W17 -> 50 | Y17: =IF(T17=1,X17,(X17*T17)) -> 50 | AF17: 1 | AH17: =R17*H17 -> 500 | AI17: =AH17 -> 500 | AJ17: =IF(T17=1,AI17,(AI17*T17)) -> 500 | AR17: 15
A18: 46085 | B18: 0.44564815 | C18: OM_3-4-2026_10-18-36AM.OMN | D18: cal std 50 | E18: 5 | F18: Calibration Standard | G18: 1 | H18: 1 | I18: TP | J18: ug P/L | K18: 0.101 | L18: 1.83 | M18: 50 | N18: TN | O18: ug N/L | P18: 0.69 | Q18: 7.41 | R18: 500 | T18: 1 | U18: 1 | W18: =M18*H18 -> 50 | X18: =W18 -> 50 | Y18: =IF(T18=1,X18,(X18*T18)) -> 50 | AF18: 1 | AH18: =R18*H18 -> 500 | AI18: =AH18 -> 500 | AJ18: =IF(T18=1,AI18,(AI18*T18)) -> 500 | AR18: 16
A19: 46085 | B19: 0.44652778 | C19: OM_3-4-2026_10-18-36AM.OMN | D19: cal std 25 | E19: 7 | F19: Calibration Standard | G19: 1 | H19: 1 | I19: TP | J19: ug P/L | K19: 0.0541 | L19: 1.15 | M19: 25 | N19: TN | O19: ug N/L | P19: 0.388 | Q19: 4.24 | R19: 250 | T19: 1 | U19: 1 | W19: =M19*H19 -> 25 | X19: =W19 -> 25 | Y19: =IF(T19=1,X19,(X19*T19)) -> 25 | AF19: 1 | AH19: =R19*H19 -> 250 | AI19: =AH19 -> 250 | AJ19: =IF(T19=1,AI19,(AI19*T19)) -> 250 | AR19: 17
A20: 46085 | B20: 0.44741898 | C20: OM_3-4-2026_10-18-36AM.OMN | D20: cal std 25 | E20: 7 | F20: Calibration Standard | G20: 1 | H20: 1 | I20: TP | J20: ug P/L | K20: 0.0544 | L20: 1.11 | M20: 25 | N20: TN | O20: ug N/L | P20: 0.409 | Q20: 4.35 | R20: 250 | T20: 1 | U20: 1 | W20: =M20*H20 -> 25 | X20: =W20 -> 25 | Y20: =IF(T20=1,X20,(X20*T20)) -> 25 | AF20: 1 | AH20: =R20*H20 -> 250 | AI20: =AH20 -> 250 | AJ20: =IF(T20=1,AI20,(AI20*T20)) -> 250 | AR20: 18
A21: 46085 | B21: 0.44829861 | C21: OM_3-4-2026_10-18-36AM.OMN | D21: cal std 10 | E21: 9 | F21: Calibration Standard | G21: 1 | H21: 1 | I21: TP | J21: ug P/L | K21: 0.0301 | L21: 0.734 | M21: 10 | N21: TN | O21: ug N/L | P21: 0.211 | Q21: 2.38 | R21: 100 | T21: 1 | U21: 1 | W21: =M21*H21 -> 10 | X21: =W21 -> 10 | Y21: =IF(T21=1,X21,(X21*T21)) -> 10 | AF21: 1 | AH21: =R21*H21 -> 100 | AI21: =AH21 -> 100 | AJ21: =IF(T21=1,AI21,(AI21*T21)) -> 100 | AR21: 19
A22: 46085 | B22: 0.44918981 | C22: OM_3-4-2026_10-18-36AM.OMN | D22: cal std 10 | E22: 9 | F22: Calibration Standard | G22: 1 | H22: 1 | I22: TP | J22: ug P/L | K22: 0.0294 | L22: 0.741 | M22: 10 | N22: TN | O22: ug N/L | P22: 0.211 | Q22: 2.54 | R22: 100 | T22: 1 | U22: 1 | W22: =M22*H22 -> 10 | X22: =W22 -> 10 | Y22: =IF(T22=1,X22,(X22*T22)) -> 10 | AF22: 1 | AH22: =R22*H22 -> 100 | AI22: =AH22 -> 100 | AJ22: =IF(T22=1,AI22,(AI22*T22)) -> 100 | AR22: 20
A23: 46085 | B23: 0.45006944 | C23: OM_3-4-2026_10-18-36AM.OMN | D23: cal std 5 | E23: 11 | F23: Calibration Standard | G23: 1 | H23: 1 | I23: TP | J23: ug P/L | K23: 0.0275 | L23: 0.728 | M23: 5 | N23: TN | O23: ug N/L | P23: 0.155 | Q23: 1.8 | R23: 50 | T23: 1 | U23: 3 | V23: off- excluded from curve | W23: =M23*H23 -> 5 | X23: =W23 -> 5 | Y23: =IF(T23=1,X23,(X23*T23)) -> 5 | AF23: 1 | AH23: =R23*H23 -> 50 | AI23: =AH23 -> 50 | AJ23: =IF(T23=1,AI23,(AI23*T23)) -> 50 | AR23: 21
A24: 46085 | B24: 0.45096065 | C24: OM_3-4-2026_10-18-36AM.OMN | D24: cal std 5 | E24: 11 | F24: Calibration Standard | G24: 1 | H24: 1 | I24: TP | J24: ug P/L | K24: 0.0261 | L24: 0.654 | M24: 5 | N24: TN | O24: ug N/L | P24: 0.148 | Q24: 1.71 | R24: 50 | T24: 1 | U24: 3 | V24: off- excluded from curve | W24: =M24*H24 -> 5 | X24: =W24 -> 5 | Y24: =IF(T24=1,X24,(X24*T24)) -> 5 | AF24: 1 | AH24: =R24*H24 -> 50 | AI24: =AH24 -> 50 | AJ24: =IF(T24=1,AI24,(AI24*T24)) -> 50 | AR24: 22
A25: 46085 | B25: 0.45184028 | C25: OM_3-4-2026_10-18-36AM.OMN | D25: cal std 0 | E25: 13 | F25: Calibration Standard | G25: 1 | H25: 1 | I25: TP | J25: ug P/L | K25: 0.0186 | L25: 0.409 | M25: 0 | N25: TN | O25: ug N/L | P25: 0.0779 | Q25: 1.04 | R25: 0 | T25: 1 | U25: 1 | W25: =M25*H25 -> 0 | X25: =W25 -> 0 | Y25: =IF(T25=1,X25,(X25*T25)) -> 0 | AF25: 1 | AH25: =R25*H25 -> 0 | AI25: =AH25 -> 0 | AJ25: =IF(T25=1,AI25,(AI25*T25)) -> 0 | AR25: 23
A26: 46085 | B26: 0.45271991 | C26: OM_3-4-2026_10-18-36AM.OMN | D26: cal std 0 | E26: 13 | F26: Calibration Standard | G26: 1 | H26: 1 | I26: TP | J26: ug P/L | K26: 0.0182 | L26: 0.42 | M26: 0 | N26: TN | O26: ug N/L | P26: 0.0745 | Q26: 0.964 | R26: 0 | T26: 1 | U26: 1 | W26: =M26*H26 -> 0 | X26: =W26 -> 0 | Y26: =IF(T26=1,X26,(X26*T26)) -> 0 | AF26: 1 | AH26: =R26*H26 -> 0 | AI26: =AH26 -> 0 | AJ26: =IF(T26=1,AI26,(AI26*T26)) -> 0 | AR26: 24
A35: METHOD CHECKS: | AR35: 33
A36: 46085 | B36: 0.45358796 | C36: OM_3-4-2026_10-18-36AM.OMN | D36: NO2 | E36: S1 | F36: Unknown | G36: 1 | H36: 1 | I36: TP | J36: ug P/L | K36: 0.138 | L36: 1.38 | M36: 31.1 | N36: TN | O36: ug N/L | P36: 1.88 | Q36: 20.3 | R36: 1500 | S36: =100*(Q37/Q36) -> 100.49261 | T36: 1 | U36: 1 | W36: =M36*H36 -> 31.1 | X36: =W36 -> 31.1 | Y36: =IF(T36=1,X36,(X36*T36)) -> 31.1 | AF36: 1 | AH36: =R36*H36 -> 1500 | AI36: =AH36 -> 1500 | AJ36: =IF(T36=1,AI36,(AI36*T36)) -> 1500 | AR36: 34
A37: 46085 | B37: 0.45447917 | C37: OM_3-4-2026_10-18-36AM.OMN | D37: NO3 | E37: S2 | F37: Unknown | G37: 1 | H37: 1 | I37: TP | J37: ug P/L | K37: 0.141 | L37: 1.46 | M37: 34 | N37: TN | O37: ug N/L | P37: 1.92 | Q37: 20.4 | R37: 1510 | T37: 1 | U37: 1 | W37: =M37*H37 -> 34 | X37: =W37 -> 34 | Y37: =IF(T37=1,X37,(X37*T37)) -> 34 | AF37: 1 | AH37: =R37*H37 -> 1510 | AI37: =AH37 -> 1510 | AJ37: =IF(T37=1,AI37,(AI37*T37)) -> 1510 | AR37: 35
A38: 46085 | B38: 0.45537037 | C38: OM_3-4-2026_10-18-36AM.OMN | D38: water | E38: S3 | F38: Unknown | G38: 1 | H38: 1 | I38: TP | J38: ug P/L | K38: 0.137 | L38: 1.37 | M38: 31 | N38: TN | O38: ug N/L | P38: -0.00324 | Q38: -0.0198 | R38: -85 | T38: 1 | U38: 1 | W38: =M38*H38 -> 31 | X38: =W38 -> 31 | Y38: =IF(T38=1,X38,(X38*T38)) -> 31 | AF38: 1 | AH38: =R38*H38 -> -85 | AI38: =AH38 -> -85 | AJ38: =IF(T38=1,AI38,(AI38*T38)) -> -85 | AR38: 36
A39: 46085 | B39: 0.45626157 | C39: OM_3-4-2026_10-18-36AM.OMN | D39: water blank | E39: 19 | F39: Unknown | G39: 1 | H39: 1 | I39: TP | J39: ug P/L | K39: 0.0189 | L39: 0.41 | M39: -1.72 | N39: TN | O39: ug N/L | P39: 0.0752 | Q39: 0.971 | R39: -7.82 | T39: 1 | U39: 1 | W39: =M39*H39 -> -1.72 | X39: =W39 -> -1.72 | Y39: =IF(T39=1,X39,(X39*T39)) -> -1.72 | AF39: 1 | AH39: =R39*H39 -> -7.82 | AI39: =AH39 -> -7.82 | AJ39: =IF(T39=1,AI39,(AI39*T39)) -> -7.82 | AR39: 37
A40: 46085 | B40: 0.45715278 | C40: OM_3-4-2026_10-18-36AM.OMN | D40: water blank | E40: 20 | F40: Unknown | G40: 1 | H40: 1 | I40: TP | J40: ug P/L | K40: 0.0196 | L40: 0.395 | M40: -2.22 | N40: TN | O40: ug N/L | P40: 0.0883 | Q40: 1.12 | R40: 3.67 | T40: 1 | U40: 1 | W40: =M40*H40 -> -2.22 | X40: =W40 -> -2.22 | Y40: =IF(T40=1,X40,(X40*T40)) -> -2.22 | AF40: 1 | AH40: =R40*H40 -> 3.67 | AI40: =AH40 -> 3.67 | AJ40: =IF(T40=1,AI40,(AI40*T40)) -> 3.67 | AR40: 38
A41: 46085 | B41: 0.45804398 | C41: OM_3-4-2026_10-18-36AM.OMN | D41: water blank | E41: 21 | F41: Unknown | G41: 1 | H41: 1 | I41: TP | J41: ug P/L | K41: 0.0174 | L41: 0.415 | M41: -1.56 | N41: TN | O41: ug N/L | P41: 0.0736 | Q41: 0.978 | R41: -7.26 | T41: 1 | U41: 1 | W41: =M41*H41 -> -1.56 | X41: =W41 -> -1.56 | Y41: =IF(T41=1,X41,(X41*T41)) -> -1.56 | AF41: 1 | AH41: =R41*H41 -> -7.26 | AI41: =AH41 -> -7.26 | AJ41: =IF(T41=1,AI41,(AI41*T41)) -> -7.26 | AR41: 39
A42: 46085 | B42: 0.45893519 | C42: OM_3-4-2026_10-18-36AM.OMN | D42: water blank | E42: 22 | F42: Unknown | G42: 1 | H42: 1 | I42: TP | J42: ug P/L | K42: 0.0212 | L42: 0.486 | M42: 0.811 | N42: TN | O42: ug N/L | P42: 0.0751 | Q42: 0.944 | R42: -9.93 | T42: 1 | U42: 1 | W42: =M42*H42 -> 0.811 | X42: =W42 -> 0.811 | Y42: =IF(T42=1,X42,(X42*T42)) -> 0.811 | AF42: 1 | AH42: =R42*H42 -> -9.93 | AI42: =AH42 -> -9.93 | AJ42: =IF(T42=1,AI42,(AI42*T42)) -> -9.93 | AR42: 40
A43: 46085 | B43: 0.45981481 | C43: OM_3-4-2026_10-18-36AM.OMN | D43: water blank | E43: 23 | F43: Unknown | G43: 1 | H43: 1 | I43: TP | J43: ug P/L | K43: 0.0202 | L43: 0.446 | M43: -0.533 | N43: TN | O43: ug N/L | P43: 0.0798 | Q43: 1.12 | R43: 3.8 | T43: 1 | U43: 1 | W43: =M43*H43 -> -0.533 | X43: =W43 -> -0.533 | Y43: =IF(T43=1,X43,(X43*T43)) -> -0.533 | AF43: 1 | AH43: =R43*H43 -> 3.8 | AI43: =AH43 -> 3.8 | AJ43: =IF(T43=1,AI43,(AI43*T43)) -> 3.8 | AR43: 41
A44: 46085 | B44: 0.46069444 | C44: OM_3-4-2026_10-18-36AM.OMN | D44: digest check | E44: 24 | F44: Unknown | G44: 1 | H44: 1 | I44: TP | J44: ug P/L | K44: 0.0856 | L44: 1.64 | M44: 40.4 | N44: TN | O44: ug N/L | P44: 0.564 | Q44: 6.09 | R44: 391 | T44: 1 | U44: 1 | W44: =M44*H44 -> 40.4 | X44: =W44 -> 40.4 | Y44: =IF(T44=1,X44,(X44*T44)) -> 40.4 | AF44: 1 | AH44: =R44*H44 -> 391 | AI44: =AH44 -> 391 | AJ44: =IF(T44=1,AI44,(AI44*T44)) -> 391 | AR44: 42
A45: 46085 | B45: 0.46158565 | C45: OM_3-4-2026_10-18-36AM.OMN | D45: digest check | E45: 25 | F45: Unknown | G45: 1 | H45: 1 | I45: TP | J45: ug P/L | K45: 0.0858 | L45: 1.59 | M45: 38.5 | N45: TN | O45: ug N/L | P45: 0.586 | Q45: 6.32 | R45: 409 | T45: 1 | U45: 1 | W45: =M45*H45 -> 38.5 | X45: =W45 -> 38.5 | Y45: =IF(T45=1,X45,(X45*T45)) -> 38.5 | AF45: 1 | AH45: =R45*H45 -> 409 | AI45: =AH45 -> 409 | AJ45: =IF(T45=1,AI45,(AI45*T45)) -> 409 | AR45: 43
A46: 46085 | B46: 0.46246528 | C46: OM_3-4-2026_10-18-36AM.OMN | D46: digest check | E46: 26 | F46: Unknown | G46: 1 | H46: 1 | I46: TP | J46: ug P/L | K46: 0.0854 | L46: 1.62 | M46: 39.5 | N46: TN | O46: ug N/L | P46: 0.538 | Q46: 5.85 | R46: 372 | T46: 1 | U46: 1 | W46: =M46*H46 -> 39.5 | X46: =W46 -> 39.5 | Y46: =IF(T46=1,X46,(X46*T46)) -> 39.5 | AF46: 1 | AH46: =R46*H46 -> 372 | AI46: =AH46 -> 372 | AJ46: =IF(T46=1,AI46,(AI46*T46)) -> 372 | AR46: 44
A47: 46085 | B47: 0.46334491 | C47: OM_3-4-2026_10-18-36AM.OMN | D47: digest check | E47: 27 | F47: Unknown | G47: 1 | H47: 1 | I47: TP | J47: ug P/L | K47: 0.0824 | L47: 1.56 | M47: 37.5 | N47: TN | O47: ug N/L | P47: 0.557 | Q47: 6.13 | R47: 394 | T47: 1 | U47: 1 | W47: =M47*H47 -> 37.5 | X47: =W47 -> 37.5 | Y47: =IF(T47=1,X47,(X47*T47)) -> 37.5 | AF47: 1 | AH47: =R47*H47 -> 394 | AI47: =AH47 -> 394 | AJ47: =IF(T47=1,AI47,(AI47*T47)) -> 394 | AR47: 45
A48: 46085 | B48: 0.46422454 | C48: OM_3-4-2026_10-18-36AM.OMN | D48: digest check | E48: 28 | F48: Unknown | G48: 1 | H48: 1 | I48: TP | J48: ug P/L | K48: 0.0845 | L48: 1.67 | M48: 41.4 | N48: TN | O48: ug N/L | P48: 0.599 | Q48: 6.45 | R48: 418 | T48: 1 | U48: 1 | W48: =M48*H48 -> 41.4 | X48: =W48 -> 41.4 | Y48: =IF(T48=1,X48,(X48*T48)) -> 41.4 | AF48: 1 | AH48: =R48*H48 -> 418 | AI48: =AH48 -> 418 | AJ48: =IF(T48=1,AI48,(AI48*T48)) -> 418 | AR48: 46
A49: 46085 | B49: 0.46510417 | C49: OM_3-4-2026_10-18-36AM.OMN | D49: spk blank | E49: 29 | F49: Unknown | G49: 1 | H49: 1 | I49: TP | J49: ug P/L | K49: 0.0721 | L49: 1.05 | M49: 20 | N49: TN | O49: ug N/L | P49: 0.392 | Q49: 4.3 | R49: 251 | T49: 1 | U49: 2 | V49: prepped with next day's digestion | W49: =M49*H49 -> 20 | X49: =W49 -> 20 | Y49: =IF(T49=1,X49,(X49*T49)) -> 20 | AF49: 2 | AG49: prepped with next day's digestion | AH49: =R49*H49 -> 251 | AI49: =AH49 -> 251 | AJ49: =IF(T49=1,AI49,(AI49*T49)) -> 251 | AR49: 47
A50: 46085 | B50: 0.4659838 | C50: OM_3-4-2026_10-18-36AM.OMN | D50: spk blank | E50: 30 | F50: Unknown | G50: 1 | H50: 1 | I50: TP | J50: ug P/L | K50: 0.0531 | L50: 0.93 | M50: 15.8 | N50: TN | O50: ug N/L | P50: 0.422 | Q50: 4.66 | R50: 279 | T50: 1 | U50: 2 | V50: prepped with next day's digestion | W50: =M50*H50 -> 15.8 | X50: =W50 -> 15.8 | Y50: =IF(T50=1,X50,(X50*T50)) -> 15.8 | AF50: 2 | AG50: prepped with next day's digestion | AH50: =R50*H50 -> 279 | AI50: =AH50 -> 279 | AJ50: =IF(T50=1,AI50,(AI50*T50)) -> 279 | AR50: 48
A51: 46085 | B51: 0.466875 | C51: OM_3-4-2026_10-18-36AM.OMN | D51: spk blank | E51: 31 | F51: Unknown | G51: 1 | H51: 1 | I51: TP | J51: ug P/L | K51: 0.054 | L51: 1.05 | M51: 20.1 | N51: TN | O51: ug N/L | P51: 0.376 | Q51: 4.09 | R51: 235 | T51: 1 | U51: 2 | V51: prepped with next day's digestion | W51: =M51*H51 -> 20.1 | X51: =W51 -> 20.1 | Y51: =IF(T51=1,X51,(X51*T51)) -> 20.1 | AF51: 2 | AG51: prepped with next day's digestion | AH51: =R51*H51 -> 235 | AI51: =AH51 -> 235 | AJ51: =IF(T51=1,AI51,(AI51*T51)) -> 235 | AR51: 49
A52: 46085 | B52: 0.46777778 | C52: OM_3-4-2026_10-18-36AM.OMN | D52: spk blank | E52: 32 | F52: Unknown | G52: 1 | H52: 1 | I52: TP | J52: ug P/L | K52: 0.0603 | L52: 1.06 | M52: 20.2 | N52: TN | O52: ug N/L | P52: 0.388 | Q52: 4.25 | R52: 247 | T52: 1 | U52: 2 | V52: prepped with next day's digestion | W52: =M52*H52 -> 20.2 | X52: =W52 -> 20.2 | Y52: =IF(T52=1,X52,(X52*T52)) -> 20.2 | AF52: 2 | AG52: prepped with next day's digestion | AH52: =R52*H52 -> 247 | AI52: =AH52 -> 247 | AJ52: =IF(T52=1,AI52,(AI52*T52)) -> 247 | AR52: 50
A53: 46085 | B53: 0.46866898 | C53: OM_3-4-2026_10-18-36AM.OMN | D53: spk blank | E53: 33 | F53: Unknown | G53: 1 | H53: 1 | I53: TP | J53: ug P/L | K53: 0.0571 | L53: 0.997 | M53: 18.1 | N53: TN | O53: ug N/L | P53: 0.382 | Q53: 4.23 | R53: 246 | T53: 1 | U53: 2 | V53: prepped with next day's digestion | W53: =M53*H53 -> 18.1 | X53: =W53 -> 18.1 | Y53: =IF(T53=1,X53,(X53*T53)) -> 18.1 | AF53: 2 | AG53: prepped with next day's digestion | AH53: =R53*H53 -> 246 | AI53: =AH53 -> 246 | AJ53: =IF(T53=1,AI53,(AI53*T53)) -> 246 | AR53: 51
A59: SAMPLES:
A60: 46085 | B60: 0.46956019 | C60: OM_3-4-2026_10-18-36AM.OMN | D60: S1 | E60: 34 | F60: Unknown | G60: 1 | H60: 1 | I60: TP | J60: ug P/L | K60: 0.218 | L60: 3.56 | M60: 109 | N60: TN | O60: ug N/L | P60: 0.842 | Q60: 8.85 | R60: 606 | T60: 1 | U60: 1 | W60: =M60*H60 -> 109 | X60: =W60 -> 109 | Y60: =IF(T60=1,X60,(X60*T60)) -> 109 | AF60: 1 | AH60: =R60*H60 -> 606 | AI60: =AH60 -> 606 | AJ60: =IF(T60=1,AI60,(AI60*T60)) -> 606 | AR60: 54
A61: 46085 | B61: 0.47045139 | C61: OM_3-4-2026_10-18-36AM.OMN | D61: S2 | E61: 35 | F61: Unknown | G61: 1 | H61: 1 | I61: TP | J61: ug P/L | K61: 0.29 | L61: 4.13 | M61: 130 | N61: TN | O61: ug N/L | P61: 0.726 | Q61: 7.8 | R61: 524 | T61: 1 | U61: 1 | W61: =M61*H61 -> 130 | X61: =W61 -> 130 | Y61: =IF(T61=1,X61,(X61*T61)) -> 130 | AF61: 1 | AH61: =R61*H61 -> 524 | AI61: =AH61 -> 524 | AJ61: =IF(T61=1,AI61,(AI61*T61)) -> 524 | AR61: 55
A62: 46085 | B62: 0.47134259 | C62: OM_3-4-2026_10-18-36AM.OMN | D62: S3 | E62: 36 | F62: Unknown | G62: 1 | H62: 1 | I62: TP | J62: ug P/L | K62: 0.237 | L62: 3.72 | M62: 115 | N62: TN | O62: ug N/L | P62: 0.991 | Q62: 10.7 | R62: 749 | T62: 1 | U62: 1 | W62: =M62*H62 -> 115 | X62: =W62 -> 115 | Y62: =IF(T62=1,X62,(X62*T62)) -> 115 | AF62: 1 | AH62: =R62*H62 -> 749 | AI62: =AH62 -> 749 | AJ62: =IF(T62=1,AI62,(AI62*T62)) -> 749 | AR62: 56
A63: 46085 | B63: 0.47222222 | C63: OM_3-4-2026_10-18-36AM.OMN | D63: S4 | E63: 37 | F63: Unknown | G63: 1 | H63: 1 | I63: TP | J63: ug P/L | K63: 0.0886 | L63: 1.55 | M63: 37.3 | N63: TN | O63: ug N/L | P63: 0.98 | Q63: 10.4 | R63: 726 | T63: 1 | U63: 1 | W63: =M63*H63 -> 37.3 | X63: =W63 -> 37.3 | Y63: =IF(T63=1,X63,(X63*T63)) -> 37.3 | AF63: 1 | AH63: =R63*H63 -> 726 | AI63: =AH63 -> 726 | AJ63: =IF(T63=1,AI63,(AI63*T63)) -> 726 | AR63: 57
A64: 46085 | B64: 0.47311343 | C64: OM_3-4-2026_10-18-36AM.OMN | D64: S5 | E64: 38 | F64: Duplicate Set | G64: 1 | H64: 1 | I64: TP | J64: ug P/L | K64: 0.18 | L64: 2.96 | M64: 87 | N64: TN | O64: ug N/L | P64: 1.01 | Q64: 10.7 | R64: 751 | T64: 1 | U64: 1 | W64: =M64*H64 -> 87 | X64: =W64 -> 87 | Y64: =IF(T64=1,X64,(X64*T64)) -> 87 | AF64: 1 | AH64: =R64*H64 -> 751 | AI64: =AH64 -> 751 | AJ64: =IF(T64=1,AI64,(AI64*T64)) -> 751 | AR64: 58
A65: 46085 | B65: 0.47399306 | C65: OM_3-4-2026_10-18-36AM.OMN | D65: DUP S5 | E65: 44 | F65: Duplicate Set | G65: 1 | H65: 1 | I65: TP | J65: ug P/L | K65: 0.187 | L65: 2.78 | M65: 80.5 | N65: TN | O65: ug N/L | P65: 0.986 | Q65: 10.4 | R65: 727 | T65: 1 | U65: 2 | V65: slightly messy integration | W65: =M65*H65 -> 80.5 | X65: =W65 -> 80.5 | Y65: =IF(T65=1,X65,(X65*T65)) -> 80.5 | AB65: =ABS(100*ABS(Y65-Y64)/AVERAGE(Y65,Y64)) -> 7.761194 | AC65: =IF(Y65>10, (IF((AND(AB65>=0,AB65<=20)=TRUE),"PASS","FAIL")),(IF((AND(AB65>=0,AB65<=50)=TRUE),"PASS","FAIL"))) -> PASS | AF65: 1 | AH65: =R65*H65 -> 727 | AI65: =AH65 -> 727 | AJ65: =IF(T65=1,AI65,(AI65*T65)) -> 727 | AM65: =ABS(100*ABS(AJ65-AJ64)/AVERAGE(AJ65,AJ64)) -> 3.2476319 | AN65: =IF(AJ65>10, (IF((AND(AM65>=0,AM65<=20)=TRUE),"PASS","FAIL")),(IF((AND(AM65>=0,AM65<=50)=TRUE),"PASS","FAIL"))) -> PASS | AR65: 59
A66: 46085 | B66: 0.47487269 | C66: OM_3-4-2026_10-18-36AM.OMN | D66: S6 | E66: 39 | F66: Unknown | G66: 1 | H66: 1 | I66: TP | J66: ug P/L | K66: 0.285 | L66: 4.41 | M66: 140 | N66: TN | O66: ug N/L | P66: 0.396 | Q66: 4.27 | R66: 249 | T66: 1 | U66: 1 | W66: =M66*H66 -> 140 | X66: =W66 -> 140 | Y66: =IF(T66=1,X66,(X66*T66)) -> 140 | AF66: 1 | AH66: =R66*H66 -> 249 | AI66: =AH66 -> 249 | AJ66: =IF(T66=1,AI66,(AI66*T66)) -> 249 | AR66: 60
A67: 46085 | B67: 0.47575231 | C67: OM_3-4-2026_10-18-36AM.OMN | D67: S7 | E67: 40 | F67: Unknown | G67: 1 | H67: 1 | I67: TP | J67: ug P/L | K67: 0.169 | L67: 2.83 | M67: 82.4 | N67: TN | O67: ug N/L | P67: 1.06 | Q67: 11.2 | R67: 789 | T67: 1 | U67: 1 | W67: =M67*H67 -> 82.4 | X67: =W67 -> 82.4 | Y67: =IF(T67=1,X67,(X67*T67)) -> 82.4 | AF67: 1 | AH67: =R67*H67 -> 789 | AI67: =AH67 -> 789 | AJ67: =IF(T67=1,AI67,(AI67*T67)) -> 789 | AR67: 61
A68: 46085 | B68: 0.47664352 | C68: OM_3-4-2026_10-18-36AM.OMN | D68: S8 | E68: 41 | F68: Unknown | G68: 1 | H68: 1 | I68: TP | J68: ug P/L | K68: 0.0576 | L68: 1.16 | M68: 23.7 | N68: TN | O68: ug N/L | P68: 0.676 | Q68: 7.26 | R68: 482 | T68: 1 | U68: 1 | W68: =M68*H68 -> 23.7 | X68: =W68 -> 23.7 | Y68: =IF(T68=1,X68,(X68*T68)) -> 23.7 | AF68: 1 | AH68: =R68*H68 -> 482 | AI68: =AH68 -> 482 | AJ68: =IF(T68=1,AI68,(AI68*T68)) -> 482 | AR68: 62
A69: 46085 | B69: 0.47752315 | C69: OM_3-4-2026_10-18-36AM.OMN | D69: S9 | E69: 42 | F69: Unknown | G69: 1 | H69: 1 | I69: TP | J69: ug P/L | K69: 0.214 | L69: 3.53 | M69: 108 | N69: TN | O69: ug N/L | P69: 0.659 | Q69: 7.52 | R69: 502 | T69: 1 | U69: 1 | W69: =M69*H69 -> 108 | X69: =W69 -> 108 | Y69: =IF(T69=1,X69,(X69*T69)) -> 108 | AF69: 3 | AG69: peak cut off- use data from rerun in batch 7 | AH69: =R69*H69 -> 502 | AI69: =AH69 -> 502 | AJ69: =IF(T69=1,AI69,(AI69*T69)) -> 502 | AR69: 63
A70: 46085 | B70: 0.47840278 | C70: OM_3-4-2026_10-18-36AM.OMN | D70: S10 | E70: 43 | F70: Spike Set | G70: 1 | H70: 1 | I70: TP | J70: ug P/L | K70: 0.105 | L70: 1.94 | M70: 50.8 | N70: TN | O70: ug N/L | P70: 1.07 | Q70: 11.3 | R70: 795 | T70: 1 | U70: 1 | W70: =M70*H70 -> 50.8 | X70: =W70 -> 50.8 | Y70: =IF(T70=1,X70,(X70*T70)) -> 50.8 | AF70: 1 | AH70: =R70*H70 -> 795 | AI70: =AH70 -> 795 | AJ70: =IF(T70=1,AI70,(AI70*T70)) -> 795 | AR70: 64
A71: 46085 | B71: 0.47928241 | C71: OM_3-4-2026_10-18-36AM.OMN | D71: SPK S10 | E71: 45 | F71: Spike Set | G71: 1 | H71: 1 | I71: TP | J71: ug P/L | K71: 3.09 | L71: 15.6 | M71: 621 | N71: TN | O71: ug N/L | P71: 0.0091 | Q71: -0.0973 | R71: -91 | T71: 1 | U71: 3 | V71: air | W71: =M71*H71 -> 621 | X71: =W71 -> 621 | Y71: =IF(T71=1,X71,(X71*T71)) -> 621 | AF71: 3 | AG71: air | AH71: =R71*H71 -> -91 | AI71: =AH71 -> -91 | AJ71: =IF(T71=1,AI71,(AI71*T71)) -> -91 | AR71: 65
A72: 46085 | B72: 0.48017361 | C72: OM_3-4-2026_10-18-36AM.OMN | D72: water | E72: S3 | F72: Unknown | G72: 1 | H72: 1 | I72: TP | J72: ug P/L | K72: 0.139 | L72: 1.32 | M72: 29.3 | N72: TN | O72: ug N/L | P72: -0.00714 | Q72: -0.0648 | R72: -88.5 | T72: 1 | U72: 1 | W72: =M72*H72 -> 29.3 | X72: =W72 -> 29.3 | Y72: =IF(T72=1,X72,(X72*T72)) -> 29.3 | AF72: 1 | AH72: =R72*H72 -> -88.5 | AI72: =AH72 -> -88.5 | AJ72: =IF(T72=1,AI72,(AI72*T72)) -> -88.5 | AR72: 66
A73: 46085 | B73: 0.48104167 | C73: OM_3-4-2026_10-18-36AM.OMN | D73: CHECK25 | E73: 15 | F73: Check Standard | G73: 1 | H73: 1 | I73: TP | J73: ug P/L | K73: 0.0557 | L73: 1.12 | M73: 22.2 | N73: TN | O73: ug N/L | P73: 0.333 | Q73: 3.79 | R73: 211 | T73: 1 | U73: 1 | W73: =M73*H73 -> 22.2 | X73: =W73 -> 22.2 | Y73: =IF(T73=1,X73,(X73*T73)) -> 22.2 | Z73: =100*(Y73-25)/25 -> -11.2 | AA73: =IF((ABS(Z73))<=20,"PASS","FAIL") -> PASS | AF73: 1 | AH73: =R73*H73 -> 211 | AI73: =AH73 -> 211 | AJ73: =IF(T73=1,AI73,(AI73*T73)) -> 211 | AK73: =100*(AJ73-250)/250 -> -15.6 | AL73: =IF((ABS(AK73))<=20,"PASS","FAIL") -> PASS | AR73: 67
A74: 46085 | B74: 0.48193287 | C74: OM_3-4-2026_10-18-36AM.OMN | D74: S11 | E74: 46 | F74: Unknown | G74: 1 | H74: 1 | I74: TP | J74: ug P/L | K74: 0.291 | L74: 4.51 | M74: 144 | N74: TN | O74: ug N/L | P74: 0.687 | Q74: 7.43 | R74: 495 | T74: 1 | U74: 1 | W74: =M74*H74 -> 144 | X74: =W74 -> 144 | Y74: =IF(T74=1,X74,(X74*T74)) -> 144 | AF74: 1 | AH74: =R74*H74 -> 495 | AI74: =AH74 -> 495 | AJ74: =IF(T74=1,AI74,(AI74*T74)) -> 495 | AR74: 68
A75: 46085 | B75: 0.48284722 | C75: OM_3-4-2026_10-18-36AM.OMN | D75: S12 | E75: 47 | F75: Unknown | G75: 1 | H75: 1 | I75: TP | J75: ug P/L | K75: 0.065 | L75: 1.18 | M75: 24.3 | N75: TN | O75: ug N/L | P75: 0.482 | Q75: 5.25 | R75: 325 | T75: 1 | U75: 1 | W75: =M75*H75 -> 24.3 | X75: =W75 -> 24.3 | Y75: =IF(T75=1,X75,(X75*T75)) -> 24.3 | AF75: 1 | AH75: =R75*H75 -> 325 | AI75: =AH75 -> 325 | AJ75: =IF(T75=1,AI75,(AI75*T75)) -> 325 | AR75: 69
A76: 46085 | B76: 0.48373843 | C76: OM_3-4-2026_10-18-36AM.OMN | D76: S13 | E76: 48 | F76: Unknown | G76: 1 | H76: 1 | I76: TP | J76: ug P/L | K76: 0.214 | L76: 3.55 | M76: 109 | N76: TN | O76: ug N/L | P76: 0.341 | Q76: 3.95 | R76: 224 | T76: 1 | U76: 1 | W76: =M76*H76 -> 109 | X76: =W76 -> 109 | Y76: =IF(T76=1,X76,(X76*T76)) -> 109 | AF76: 1 | AH76: =R76*H76 -> 224 | AI76: =AH76 -> 224 | AJ76: =IF(T76=1,AI76,(AI76*T76)) -> 224 | AR76: 70
A77: 46085 | B77: 0.48462963 | C77: OM_3-4-2026_10-18-36AM.OMN | D77: S14 | E77: 49 | F77: Unknown | G77: 1 | H77: 1 | I77: TP | J77: ug P/L | K77: 0.116 | L77: 2.07 | M77: 55.2 | N77: TN | O77: ug N/L | P77: 0.758 | Q77: 7.9 | R77: 531 | T77: 1 | U77: 1 | W77: =M77*H77 -> 55.2 | X77: =W77 -> 55.2 | Y77: =IF(T77=1,X77,(X77*T77)) -> 55.2 | AF77: 1 | AH77: =R77*H77 -> 531 | AI77: =AH77 -> 531 | AJ77: =IF(T77=1,AI77,(AI77*T77)) -> 531 | AR77: 71
A78: 46085 | B78: 0.48552083 | C78: OM_3-4-2026_10-18-36AM.OMN | D78: S15 | E78: 50 | F78: Duplicate Set | G78: 1 | H78: 1 | I78: TP | J78: ug P/L | K78: 0.21 | L78: 3.42 | M78: 104 | N78: TN | O78: ug N/L | P78: 0.744 | Q78: 7.93 | R78: 534 | T78: 1 | U78: 1 | W78: =M78*H78 -> 104 | X78: =W78 -> 104 | Y78: =IF(T78=1,X78,(X78*T78)) -> 104 | AF78: 1 | AH78: =R78*H78 -> 534 | AI78: =AH78 -> 534 | AJ78: =IF(T78=1,AI78,(AI78*T78)) -> 534 | AR78: 72
A79: 46085 | B79: 0.48640046 | C79: OM_3-4-2026_10-18-36AM.OMN | D79: DUP S15 | E79: 56 | F79: Duplicate Set | G79: 1 | H79: 1 | I79: TP | J79: ug P/L | K79: 0.236 | L79: 3.73 | M79: 115 | N79: TN | O79: ug N/L | P79: 0.801 | Q79: 8.5 | R79: 578 | T79: 1 | U79: 1 | W79: =M79*H79 -> 115 | X79: =W79 -> 115 | Y79: =IF(T79=1,X79,(X79*T79)) -> 115 | AB79: =ABS(100*ABS(Y79-Y78)/AVERAGE(Y79,Y78)) -> 10.045662 | AC79: =IF(Y79>10, (IF((AND(AB79>=0,AB79<=20)=TRUE),"PASS","FAIL")),(IF((AND(AB79>=0,AB79<=50)=TRUE),"PASS","FAIL"))) -> PASS | AF79: 1 | AH79: =R79*H79 -> 578 | AI79: =AH79 -> 578 | AJ79: =IF(T79=1,AI79,(AI79*T79)) -> 578 | AM79: =ABS(100*ABS(AJ79-AJ78)/AVERAGE(AJ79,AJ78)) -> 7.9136691 | AN79: =IF(AJ79>10, (IF((AND(AM79>=0,AM79<=20)=TRUE),"PASS","FAIL")),(IF((AND(AM79>=0,AM79<=50)=TRUE),"PASS","FAIL"))) -> PASS | AR79: 73
A80: 46085 | B80: 0.48729167 | C80: OM_3-4-2026_10-18-36AM.OMN | D80: S16 | E80: 51 | F80: Unknown | G80: 1 | H80: 1 | I80: TP | J80: ug P/L | K80: 0.259 | L80: 4.09 | M80: 128 | N80: TN | O80: ug N/L | P80: 0.831 | Q80: 8.63 | R80: 588 | T80: 1 | U80: 1 | W80: =M80*H80 -> 128 | X80: =W80 -> 128 | Y80: =IF(T80=1,X80,(X80*T80)) -> 128 | AF80: 1 | AH80: =R80*H80 -> 588 | AI80: =AH80 -> 588 | AJ80: =IF(T80=1,AI80,(AI80*T80)) -> 588 | AR80: 74
A81: 46085 | B81: 0.48818287 | C81: OM_3-4-2026_10-18-36AM.OMN | D81: S17 | E81: 52 | F81: Unknown | G81: 1 | H81: 1 | I81: TP | J81: ug P/L | K81: 0.123 | L81: 1.93 | M81: 50.3 | N81: TN | O81: ug N/L | P81: 0.981 | Q81: 10.3 | R81: 721 | T81: 1 | U81: 1 | W81: =M81*H81 -> 50.3 | X81: =W81 -> 50.3 | Y81: =IF(T81=1,X81,(X81*T81)) -> 50.3 | AF81: 1 | AH81: =R81*H81 -> 721 | AI81: =AH81 -> 721 | AJ81: =IF(T81=1,AI81,(AI81*T81)) -> 721 | AR81: 75
A82: 46085 | B82: 0.48907407 | C82: OM_3-4-2026_10-18-36AM.OMN | D82: S18 | E82: 53 | F82: Unknown | G82: 1 | H82: 1 | I82: TP | J82: ug P/L | K82: 0.193 | L82: 3.16 | M82: 94.4 | N82: TN | O82: ug N/L | P82: 0.65 | Q82: 7.02 | R82: 463 | T82: 1 | U82: 1 | W82: =M82*H82 -> 94.4 | X82: =W82 -> 94.4 | Y82: =IF(T82=1,X82,(X82*T82)) -> 94.4 | AF82: 1 | AH82: =R82*H82 -> 463 | AI82: =AH82 -> 463 | AJ82: =IF(T82=1,AI82,(AI82*T82)) -> 463 | AR82: 76
A83: 46085 | B83: 0.4899537 | C83: OM_3-4-2026_10-18-36AM.OMN | D83: S19 | E83: 54 | F83: Unknown | G83: 1 | H83: 1 | I83: TP | J83: ug P/L | K83: 0.231 | L83: 3.74 | M83: 116 | N83: TN | O83: ug N/L | P83: 0.722 | Q83: 7.94 | R83: 535 | T83: 1 | U83: 1 | W83: =M83*H83 -> 116 | X83: =W83 -> 116 | Y83: =IF(T83=1,X83,(X83*T83)) -> 116 | AF83: 1 | AH83: =R83*H83 -> 535 | AI83: =AH83 -> 535 | AJ83: =IF(T83=1,AI83,(AI83*T83)) -> 535 | AR83: 77
A84: 46085 | B84: 0.49084491 | C84: OM_3-4-2026_10-18-36AM.OMN | D84: S20 | E84: 55 | F84: Unknown | G84: 1 | H84: 1 | I84: TP | J84: ug P/L | K84: 0.143 | L84: 2.45 | M84: 68.9 | N84: TN | O84: ug N/L | P84: 0.779 | Q84: 8.42 | R84: 572 | T84: 1 | U84: 1 | W84: =M84*H84 -> 68.9 | X84: =W84 -> 68.9 | Y84: =IF(T84=1,X84,(X84*T84)) -> 68.9 | AF84: 1 | AH84: =R84*H84 -> 572 | AI84: =AH84 -> 572 | AJ84: =IF(T84=1,AI84,(AI84*T84)) -> 572 | AR84: 78
A85: 46085 | B85: 0.49173611 | C85: OM_3-4-2026_10-18-36AM.OMN | D85: bisulfate | E85: S4 | F85: Unknown | G85: 1 | H85: 1 | I85: TP | J85: ug P/L | K85: 0.0112 | L85: 0.103 | M85: -12 | N85: TN | O85: ug N/L | P85: -0.0412 | Q85: -0.586 | R85: -129 | T85: 1 | U85: 1 | W85: =M85*H85 -> -12 | X85: =W85 -> -12 | Y85: =IF(T85=1,X85,(X85*T85)) -> -12 | AF85: 1 | AH85: =R85*H85 -> -129 | AI85: =AH85 -> -129 | AJ85: =IF(T85=1,AI85,(AI85*T85)) -> -129 | AR85: 79
A86: 46085 | B86: 0.49262731 | C86: OM_3-4-2026_10-18-36AM.OMN | D86: CHECK25 | E86: 16 | F86: Check Standard | G86: 1 | H86: 1 | I86: TP | J86: ug P/L | K86: 0.0566 | L86: 1.15 | M86: 23.5 | N86: TN | O86: ug N/L | P86: 0.371 | Q86: 4.02 | R86: 230 | T86: 1 | U86: 1 | W86: =M86*H86 -> 23.5 | X86: =W86 -> 23.5 | Y86: =IF(T86=1,X86,(X86*T86)) -> 23.5 | Z86: =100*(Y86-25)/25 -> -6 | AA86: =IF((ABS(Z86))<=20,"PASS","FAIL") -> PASS | AF86: 1 | AH86: =R86*H86 -> 230 | AI86: =AH86 -> 230 | AJ86: =IF(T86=1,AI86,(AI86*T86)) -> 230 | AK86: =100*(AJ86-250)/250 -> -8 | AL86: =IF((ABS(AK86))<=20,"PASS","FAIL") -> PASS | AR86: 80
A87: 46085 | B87: 0.49350694 | C87: OM_3-4-2026_10-18-36AM.OMN | D87: NO2 | E87: S1 | F87: Unknown | G87: 1 | H87: 1 | I87: TP | J87: ug P/L | K87: 0.135 | L87: 1.37 | M87: 30.8 | N87: TN | O87: ug N/L | P87: 1.82 | Q87: 19.7 | R87: 1450 | S87: =100*(Q88/Q87) -> 103.04569 | T87: 1 | U87: 1 | W87: =M87*H87 -> 30.8 | X87: =W87 -> 30.8 | Y87: =IF(T87=1,X87,(X87*T87)) -> 30.8 | AF87: 1 | AH87: =R87*H87 -> 1450 | AI87: =AH87 -> 1450 | AJ87: =IF(T87=1,AI87,(AI87*T87)) -> 1450 | AR87: 81
A88: 46085 | B88: 0.49438657 | C88: OM_3-4-2026_10-18-36AM.OMN | D88: NO3 | E88: S2 | F88: Unknown | G88: 1 | H88: 1 | I88: TP | J88: ug P/L | K88: 0.138 | L88: 1.38 | M88: 31.4 | N88: TN | O88: ug N/L | P88: 1.92 | Q88: 20.3 | R88: 1500 | T88: 1 | U88: 1 | W88: =M88*H88 -> 31.4 | X88: =W88 -> 31.4 | Y88: =IF(T88=1,X88,(X88*T88)) -> 31.4 | AF88: 1 | AH88: =R88*H88 -> 1500 | AI88: =AH88 -> 1500 | AJ88: =IF(T88=1,AI88,(AI88*T88)) -> 1500 | AR88: 82
A89: 46085 | B89: 0.49527778 | C89: OM_3-4-2026_10-18-36AM.OMN | D89: S21 | E89: 58 | F89: Unknown | G89: 1 | H89: 1 | I89: TP | J89: ug P/L | K89: 0.166 | L89: 2.8 | M89: 81.2 | N89: TN | O89: ug N/L | P89: 0.785 | Q89: 8.22 | R89: 556 | T89: 1 | U89: 1 | W89: =M89*H89 -> 81.2 | X89: =W89 -> 81.2 | Y89: =IF(T89=1,X89,(X89*T89)) -> 81.2 | AF89: 1 | AH89: =R89*H89 -> 556 | AI89: =AH89 -> 556 | AJ89: =IF(T89=1,AI89,(AI89*T89)) -> 556 | AR89: 83
A90: 46085 | B90: 0.49615741 | C90: OM_3-4-2026_10-18-36AM.OMN | D90: S22 | E90: 59 | F90: Unknown | G90: 1 | H90: 1 | I90: TP | J90: ug P/L | K90: 0.172 | L90: 2.89 | M90: 84.4 | N90: TN | O90: ug N/L | P90: 0.716 | Q90: 7.61 | R90: 509 | T90: 1 | U90: 1 | W90: =M90*H90 -> 84.4 | X90: =W90 -> 84.4 | Y90: =IF(T90=1,X90,(X90*T90)) -> 84.4 | AF90: 1 | AH90: =R90*H90 -> 509 | AI90: =AH90 -> 509 | AJ90: =IF(T90=1,AI90,(AI90*T90)) -> 509 | AR90: 84
A91: 46085 | B91: 0.49702546 | C91: OM_3-4-2026_10-18-36AM.OMN | D91: S23 | E91: 60 | F91: Unknown | G91: 1 | H91: 1 | I91: TP | J91: ug P/L | K91: 0.12 | L91: 2.1 | M91: 56.4 | N91: TN | O91: ug N/L | P91: 0.753 | Q91: 8.13 | R91: 550 | T91: 1 | U91: 1 | W91: =M91*H91 -> 56.4 | X91: =W91 -> 56.4 | Y91: =IF(T91=1,X91,(X91*T91)) -> 56.4 | AF91: 1 | AH91: =R91*H91 -> 550 | AI91: =AH91 -> 550 | AJ91: =IF(T91=1,AI91,(AI91*T91)) -> 550 | AR91: 85
A92: 46085 | B92: 0.49792824 | C92: OM_3-4-2026_10-18-36AM.OMN | D92: S24 | E92: 61 | F92: Unknown | G92: 1 | H92: 1 | I92: TP | J92: ug P/L | K92: 0.142 | L92: 2.17 | M92: 58.7 | N92: TN | O92: ug N/L | P92: 0.212 | Q92: 2.37 | R92: 101 | T92: 1 | U92: 1 | W92: =M92*H92 -> 58.7 | X92: =W92 -> 58.7 | Y92: =IF(T92=1,X92,(X92*T92)) -> 58.7 | AF92: 1 | AH92: =R92*H92 -> 101 | AI92: =AH92 -> 101 | AJ92: =IF(T92=1,AI92,(AI92*T92)) -> 101 | AR92: 86
A93: 46085 | B93: 0.49881944 | C93: OM_3-4-2026_10-18-36AM.OMN | D93: S25 | E93: 62 | F93: Duplicate Set | G93: 1 | H93: 1 | I93: TP | J93: ug P/L | K93: 0.155 | L93: 2.6 | M93: 74.3 | N93: TN | O93: ug N/L | P93: 0.86 | Q93: 9.08 | R93: 624 | T93: 1 | U93: 1 | W93: =M93*H93 -> 74.3 | X93: =W93 -> 74.3 | Y93: =IF(T93=1,X93,(X93*T93)) -> 74.3 | AF93: 1 | AH93: =R93*H93 -> 624 | AI93: =AH93 -> 624 | AJ93: =IF(T93=1,AI93,(AI93*T93)) -> 624 | AR93: 87
A94: 46085 | B94: 0.49971065 | C94: OM_3-4-2026_10-18-36AM.OMN | D94: DUP S25 | E94: 68 | F94: Duplicate Set | G94: 1 | H94: 1 | I94: TP | J94: ug P/L | K94: 0.109 | L94: 1.96 | M94: 51.5 | N94: TN | O94: ug N/L | P94: 0.799 | Q94: 8.5 | R94: 578 | T94: 1 | U94: 1 | W94: =M94*H94 -> 51.5 | X94: =W94 -> 51.5 | Y94: =IF(T94=1,X94,(X94*T94)) -> 51.5 | AB94: =ABS(100*ABS(Y94-Y93)/AVERAGE(Y94,Y93)) -> 36.248013 | AC94: =IF(Y94>10, (IF((AND(AB94>=0,AB94<=20)=TRUE),"PASS","FAIL")),(IF((AND(AB94>=0,AB94<=50)=TRUE),"PASS","FAIL"))) -> FAIL | AF94: 1 | AH94: =R94*H94 -> 578 | AI94: =AH94 -> 578 | AJ94: =IF(T94=1,AI94,(AI94*T94)) -> 578 | AM94: =ABS(100*ABS(AJ94-AJ93)/AVERAGE(AJ94,AJ93)) -> 7.6539101 | AN94: =IF(AJ94>10, (IF((AND(AM94>=0,AM94<=20)=TRUE),"PASS","FAIL")),(IF((AND(AM94>=0,AM94<=50)=TRUE),"PASS","FAIL"))) -> PASS | AR94: 88
A95: 46085 | B95: 0.50060185 | C95: OM_3-4-2026_10-18-36AM.OMN | D95: S26 | E95: 63 | F95: Unknown | G95: 1 | H95: 1 | I95: TP | J95: ug P/L | K95: 0.159 | L95: 2.68 | M95: 77.1 | N95: TN | O95: ug N/L | P95: 0.645 | Q95: 6.75 | R95: 442 | T95: 1 | U95: 1 | W95: =M95*H95 -> 77.1 | X95: =W95 -> 77.1 | Y95: =IF(T95=1,X95,(X95*T95)) -> 77.1 | AF95: 1 | AH95: =R95*H95 -> 442 | AI95: =AH95 -> 442 | AJ95: =IF(T95=1,AI95,(AI95*T95)) -> 442 | AR95: 89
A96: 46085 | B96: 0.50149306 | C96: OM_3-4-2026_10-18-36AM.OMN | D96: S27 | E96: 64 | F96: Unknown | G96: 1 | H96: 1 | I96: TP | J96: ug P/L | K96: 0.109 | L96: 1.95 | M96: 51.1 | N96: TN | O96: ug N/L | P96: 0.4 | Q96: 4.33 | R96: 254 | T96: 1 | U96: 1 | W96: =M96*H96 -> 51.1 | X96: =W96 -> 51.1 | Y96: =IF(T96=1,X96,(X96*T96)) -> 51.1 | AF96: 1 | AH96: =R96*H96 -> 254 | AI96: =AH96 -> 254 | AJ96: =IF(T96=1,AI96,(AI96*T96)) -> 254 | AR96: 90
A97: 46085 | B97: 0.50238426 | C97: OM_3-4-2026_10-18-36AM.OMN | D97: S28 | E97: 65 | F97: Unknown | G97: 1 | H97: 1 | I97: TP | J97: ug P/L | K97: 0.313 | L97: 4.98 | M97: 162 | N97: TN | O97: ug N/L | P97: 0.329 | Q97: 3.6 | R97: 197 | T97: 1 | U97: 1 | W97: =M97*H97 -> 162 | X97: =W97 -> 162 | Y97: =IF(T97=1,X97,(X97*T97)) -> 162 | AF97: 1 | AH97: =R97*H97 -> 197 | AI97: =AH97 -> 197 | AJ97: =IF(T97=1,AI97,(AI97*T97)) -> 197 | AR97: 91
A98: 46085 | B98: 0.50327546 | C98: OM_3-4-2026_10-18-36AM.OMN | D98: S29 | E98: 66 | F98: Unknown | G98: 1 | H98: 1 | I98: TP | J98: ug P/L | K98: 0.175 | L98: 2.94 | M98: 86.2 | N98: TN | O98: ug N/L | P98: 0.403 | Q98: 4.34 | R98: 254 | T98: 1 | U98: 1 | W98: =M98*H98 -> 86.2 | X98: =W98 -> 86.2 | Y98: =IF(T98=1,X98,(X98*T98)) -> 86.2 | AF98: 1 | AH98: =R98*H98 -> 254 | AI98: =AH98 -> 254 | AJ98: =IF(T98=1,AI98,(AI98*T98)) -> 254 | AR98: 92
A99: 46085 | B99: 0.50416667 | C99: OM_3-4-2026_10-18-36AM.OMN | D99: S30 | E99: 67 | F99: Unknown | G99: 1 | H99: 1 | I99: TP | J99: ug P/L | K99: 0.127 | L99: 2.27 | M99: 62.4 | N99: TN | O99: ug N/L | P99: 0.353 | Q99: 3.96 | R99: 225 | T99: 1 | U99: 1 | W99: =M99*H99 -> 62.4 | X99: =W99 -> 62.4 | Y99: =IF(T99=1,X99,(X99*T99)) -> 62.4 | AF99: 1 | AH99: =R99*H99 -> 225 | AI99: =AH99 -> 225 | AJ99: =IF(T99=1,AI99,(AI99*T99)) -> 225 | AR99: 93
A100: 46085 | B100: 0.50505787 | C100: OM_3-4-2026_10-18-36AM.OMN | D100: water | E100: S3 | F100: Unknown | G100: 1 | H100: 1 | I100: TP | J100: ug P/L | K100: 0.137 | L100: 1.39 | M100: 31.6 | N100: TN | O100: ug N/L | P100: 0.0401 | Q100: 0.0553 | R100: -79.2 | T100: 1 | U100: 1 | W100: =M100*H100 -> 31.6 | X100: =W100 -> 31.6 | Y100: =IF(T100=1,X100,(X100*T100)) -> 31.6 | AF100: 1 | AH100: =R100*H100 -> -79.2 | AI100: =AH100 -> -79.2 | AJ100: =IF(T100=1,AI100,(AI100*T100)) -> -79.2 | AR100: 94
A101: 46085 | B101: 0.50594907 | C101: OM_3-4-2026_10-18-36AM.OMN | D101: CHECK25 | E101: 17 | F101: Check Standard | G101: 1 | H101: 1 | I101: TP | J101: ug P/L | K101: 0.0575 | L101: 1.14 | M101: 22.9 | N101: TN | O101: ug N/L | P101: 0.398 | Q101: 4.34 | R101: 255 | T101: 1 | U101: 1 | W101: =M101*H101 -> 22.9 | X101: =W101 -> 22.9 | Y101: =IF(T101=1,X101,(X101*T101)) -> 22.9 | Z101: =100*(Y101-25)/25 -> -8.4 | AA101: =IF((ABS(Z101))<=20,"PASS","FAIL") -> PASS | AF101: 1 | AH101: =R101*H101 -> 255 | AI101: =AH101 -> 255 | AJ101: =IF(T101=1,AI101,(AI101*T101)) -> 255 | AK101: =100*(AJ101-250)/250 -> 2 | AL101: =IF((ABS(AK101))<=20,"PASS","FAIL") -> PASS | AR101: 95
A102: 46085 | B102: 0.5068287 | C102: OM_3-4-2026_10-18-36AM.OMN | D102: S31 | E102: 70 | F102: Unknown | G102: 1 | H102: 1 | I102: TP | J102: ug P/L | K102: 0.165 | L102: 2.75 | M102: 79.4 | N102: TN | O102: ug N/L | P102: 0.621 | Q102: 6.63 | R102: 432 | T102: 1 | U102: 1 | W102: =M102*H102 -> 79.4 | X102: =W102 -> 79.4 | Y102: =IF(T102=1,X102,(X102*T102)) -> 79.4 | AF102: 1 | AH102: =R102*H102 -> 432 | AI102: =AH102 -> 432 | AJ102: =IF(T102=1,AI102,(AI102*T102)) -> 432 | AR102: 96
A103: 46085 | B103: 0.50771991 | C103: OM_3-4-2026_10-18-36AM.OMN | D103: S32 | E103: 71 | F103: Unknown | G103: 1 | H103: 1 | I103: TP | J103: ug P/L | K103: 0.177 | L103: 2.92 | M103: 85.6 | N103: TN | O103: ug N/L | P103: 0.704 | Q103: 7.52 | R103: 502 | T103: 1 | U103: 1 | W103: =M103*H103 -> 85.6 | X103: =W103 -> 85.6 | Y103: =IF(T103=1,X103,(X103*T103)) -> 85.6 | AF103: 1 | AH103: =R103*H103 -> 502 | AI103: =AH103 -> 502 | AJ103: =IF(T103=1,AI103,(AI103*T103)) -> 502 | AR103: 97
A104: 46085 | B104: 0.50859954 | C104: OM_3-4-2026_10-18-36AM.OMN | D104: S33 | E104: 72 | F104: Unknown | G104: 1 | H104: 1 | I104: TP | J104: ug P/L | K104: 0.118 | L104: 2.04 | M104: 54.3 | N104: TN | O104: ug N/L | P104: 0.771 | Q104: 8.37 | R104: 569 | T104: 1 | U104: 1 | W104: =M104*H104 -> 54.3 | X104: =W104 -> 54.3 | Y104: =IF(T104=1,X104,(X104*T104)) -> 54.3 | AF104: 1 | AH104: =R104*H104 -> 569 | AI104: =AH104 -> 569 | AJ104: =IF(T104=1,AI104,(AI104*T104)) -> 569 | AR104: 98
A105: 46085 | B105: 0.50949074 | C105: OM_3-4-2026_10-18-36AM.OMN | D105: S34 | E105: 73 | F105: Unknown | G105: 1 | H105: 1 | I105: TP | J105: ug P/L | K105: 0.047 | L105: 1.01 | M105: 18.5 | N105: TN | O105: ug N/L | P105: 0.481 | Q105: 5.22 | R105: 323 | T105: 1 | U105: 1 | W105: =M105*H105 -> 18.5 | X105: =W105 -> 18.5 | Y105: =IF(T105=1,X105,(X105*T105)) -> 18.5 | AF105: 1 | AH105: =R105*H105 -> 323 | AI105: =AH105 -> 323 | AJ105: =IF(T105=1,AI105,(AI105*T105)) -> 323 | AR105: 99
A106: 46085 | B106: 0.51037037 | C106: OM_3-4-2026_10-18-36AM.OMN | D106: S35 | E106: 74 | F106: Duplicate Set | G106: 1 | H106: 1 | I106: TP | J106: ug P/L | K106: 0.12 | L106: 2.11 | M106: 56.7 | N106: TN | O106: ug N/L | P106: 0.357 | Q106: 3.89 | R106: 219 | T106: 1 | U106: 1 | W106: =M106*H106 -> 56.7 | X106: =W106 -> 56.7 | Y106: =IF(T106=1,X106,(X106*T106)) -> 56.7 | AF106: 1 | AH106: =R106*H106 -> 219 | AI106: =AH106 -> 219 | AJ106: =IF(T106=1,AI106,(AI106*T106)) -> 219 | AR106: 100
A107: 46085 | B107: 0.51130787 | C107: OM_3-4-2026_10-18-36AM.OMN | D107: DUP S35 | E107: 80 | F107: Duplicate Set | G107: 1 | H107: 1 | I107: TP | J107: ug P/L | K107: 0.0732 | L107: 1.36 | M107: 30.7 | N107: TN | O107: ug N/L | P107: 0.266 | Q107: 2.86 | R107: 140 | T107: 1 | U107: 1 | W107: =M107*H107 -> 30.7 | X107: =W107 -> 30.7 | Y107: =IF(T107=1,X107,(X107*T107)) -> 30.7 | AB107: =ABS(100*ABS(Y107-Y106)/AVERAGE(Y107,Y106)) -> 59.496568 | AC107: =IF(Y107>10, (IF((AND(AB107>=0,AB107<=20)=TRUE),"PASS","FAIL")),(IF((AND(AB107>=0,AB107<=50)=TRUE),"PASS","FAIL"))) -> FAIL | AF107: 1 | AH107: =R107*H107 -> 140 | AI107: =AH107 -> 140 | AJ107: =IF(T107=1,AI107,(AI107*T107)) -> 140 | AM107: =ABS(100*ABS(AJ107-AJ106)/AVERAGE(AJ107,AJ106)) -> 44.011142 | AN107: =IF(AJ107>10, (IF((AND(AM107>=0,AM107<=20)=TRUE),"PASS","FAIL")),(IF((AND(AM107>=0,AM107<=50)=TRUE),"PASS","FAIL"))) -> FAIL | AR107: 101
A108: 46085 | B108: 0.5121875 | C108: OM_3-4-2026_10-18-36AM.OMN | D108: S36 | E108: 75 | F108: Unknown | G108: 1 | H108: 1 | I108: TP | J108: ug P/L | K108: 0.082 | L108: 1.49 | M108: 35.1 | N108: TN | O108: ug N/L | P108: 1.77 | Q108: 18.6 | R108: 1360 | T108: 1 | U108: 1 | W108: =M108*H108 -> 35.1 | X108: =W108 -> 35.1 | Y108: =IF(T108=1,X108,(X108*T108)) -> 35.1 | AF108: 1 | AH108: =R108*H108 -> 1360 | AI108: =AH108 -> 1360 | AJ108: =IF(T108=1,AI108,(AI108*T108)) -> 1360 | AR108: 102
A109: 46085 | B109: 0.5130787 | C109: OM_3-4-2026_10-18-36AM.OMN | D109: S37 | E109: 76 | F109: Unknown | G109: 1 | H109: 1 | I109: TP | J109: ug P/L | K109: 0.0278 | L109: 0.657 | M109: 6.59 | N109: TN | O109: ug N/L | P109: 0.361 | Q109: 3.94 | R109: 223 | T109: 1 | U109: 1 | W109: =M109*H109 -> 6.59 | X109: =W109 -> 6.59 | Y109: =IF(T109=1,X109,(X109*T109)) -> 6.59 | AF109: 1 | AH109: =R109*H109 -> 223 | AI109: =AH109 -> 223 | AJ109: =IF(T109=1,AI109,(AI109*T109)) -> 223 | AR109: 103
A110: 46085 | B110: 0.51393519 | C110: OM_3-4-2026_10-18-36AM.OMN | D110: S38 | E110: 77 | F110: Unknown | G110: 1 | H110: 1 | I110: TP | J110: ug P/L | K110: 0.62 | L110: 9.69 | M110: 352 | N110: TN | O110: ug N/L | P110: 2.4 | Q110: 24.7 | R110: 1840 | T110: 1 | U110: 3 | V110: out of range- use data from dilution in batch 7 | W110: =M110*H110 -> 352 | X110: =W110 -> 352 | Y110: =IF(T110=1,X110,(X110*T110)) -> 352 | AF110: 3 | AG110: out of range- use data from dilution in batch 7 | AH110: =R110*H110 -> 1840 | AI110: =AH110 -> 1840 | AJ110: =IF(T110=1,AI110,(AI110*T110)) -> 1840 | AR110: 104
A111: 46085 | B111: 0.51482639 | C111: OM_3-4-2026_10-18-36AM.OMN | D111: S39 | E111: 78 | F111: Unknown | G111: 1 | H111: 1 | I111: TP | J111: ug P/L | K111: 0.0771 | L111: 1.46 | M111: 33.9 | N111: TN | O111: ug N/L | P111: 0.947 | Q111: 8.66 | R111: 590 | T111: 1 | U111: 1 | W111: =M111*H111 -> 33.9 | X111: =W111 -> 33.9 | Y111: =IF(T111=1,X111,(X111*T111)) -> 33.9 | AF111: 1 | AH111: =R111*H111 -> 590 | AI111: =AH111 -> 590 | AJ111: =IF(T111=1,AI111,(AI111*T111)) -> 590 | AR111: 105
A112: 46085 | B112: 0.52902778 | C112: OM_3-4-2026_12-38-43PM.OMN | D112: S40 | E112: 79 | F112: Spike Set | G112: 1 | H112: 1 | I112: TP | J112: ug P/L | K112: 0.0835 | L112: 1.82 | M112: 48 | N112: TN | O112: ug N/L | P112: 4.64 | Q112: 60.3 | R112: 5620 | T112: 1 | U112: 1 | W112: =M112*H112 -> 48 | X112: ='Calibration-S40 to end'!$U$11*(QAQC!L112^2)+'Calibration-S40 to end'!$U$12*QAQC!L112+'Calibration-S40 to end'!$U$13 -> 41.683443 | Y112: =IF(T112=1,X112,(X112*T112)) -> 41.683443 | AF112: 1 | AH112: =R112*H112 -> 5620 | AI112: ='Calibration-S40 to end'!$I$11*(QAQC!Q112^2)+'Calibration-S40 to end'!$I$12*QAQC!Q112+'Calibration-S40 to end'!$I$13 -> 1615.7247 | AJ112: =IF(T112=1,AI112,(AI112*T112)) -> 1615.7247 | AR112: 106
A113: 46085 | B113: 0.52993056 | C113: OM_3-4-2026_12-38-43PM.OMN | D113: SPIKE S40 | E113: 81 | F113: Spike Set | G113: 1 | H113: 1 | I113: TP | J113: ug P/L | K113: 0.119 | L113: 2.4 | M113: 68.4 | N113: TN | O113: ug N/L | P113: 5.13 | Q113: 66.7 | R113: 6100 | T113: 1 | U113: 1 | W113: =M113*H113 -> 68.4 | X113: ='Calibration-S40 to end'!$U$11*(QAQC!L113^2)+'Calibration-S40 to end'!$U$12*QAQC!L113+'Calibration-S40 to end'!$U$13 -> 58.980148 | Y113: =IF(T113=1,X113,(X113*T113)) -> 58.980148 | AD113: =100*((Y113*10250)-(Y112*10000))/(1000*250) -> 75.084837 | AE113: =IF(Y113>30, (IF((AND(AD113>=80,AD113<=120)=TRUE),"PASS","FAIL")),(IF((AND(AD113>=50,AD113<=150)=TRUE),"PASS","FAIL"))) -> FAIL | AF113: 1 | AH113: =R113*H113 -> 6100 | AI113: ='Calibration-S40 to end'!$I$11*(QAQC!Q113^2)+'Calibration-S40 to end'!$I$12*QAQC!Q113+'Calibration-S40 to end'!$I$13 -> 1438.27 | AJ113: =IF(T113=1,AI113,(AI113*T113)) -> 1438.27 | AO113: =100*((AJ113*10250)-(AJ112*10000))/(1000*2500) -> -56.599188 | AP113: =IF(AJ113>30, (IF((AND(AO113>=80,AO113<=120)=TRUE),"PASS","FAIL")),(IF((AND(AO113>=50,AO113<=150)=TRUE),"PASS","FAIL"))) -> FAIL | AR113: 107
...

Sheet method checks
A1: Detection Date | B1: Detection Time | C1: Run File Name | D1: Sample ID | E1: Cup Number | F1: Sample Type | G1: Auto Dilution Factor | H1: Manual Dilution Factor | I1: Analyte Name | J1: Concentration Units | K1: Peak Height | L1: Peak Area | M1: Peak Concentration | N1: Analyte Name | O1: Concentration Units | P1: Peak Height | Q1: Peak Area | R1: Peak Concentration | S1: Column efficiency | T1: DILUTION BY OXIDATION REAGENT | U1: Analyst QUALITY CODE PO4-P: | V1: Analyst NOTES: | W1: PO4-P-- determined concentration | X1: PO4-P-- blank corrected | Y1: PO4-P-- dilution corrected | Z1: PO4-P- % Error in check stds | AA1: PO4-P- DQO (<=20%) | AB1: PO4-P- RPD of duplicates | AC1: PO4-P- DQO (<=20% if conc>LOQ) | AD1: PO4-P- PR of spikes | AE1: PO4-P- DQO (80-120%) if conc>LOQ | AF1: Analyst QUALITY CODE NO3-N: | AG1: Analyst NOTES: | AH1: NO3-N-- determined concentration | AI1: NO3-N-- blank corrected | AJ1: NO3-N-- dilution corrected | AK1: NO3-N- % Error in check stds | AL1: NO3-N- DQO (<=20%) | AM1: NO3-N- RPD of duplicates | AN1: NO3-N- DQO (<=20% if conc>LOQ) | AO1: NO3-N- PR of spikes | AP1: NO3-N- DQO (80-120%) if conc>LOQ
A2: BLANKS-digested type I reagent grade water
A3: 46085 | B3: 0.45626157 | C3: OM_3-4-2026_10-18-36AM.OMN | D3: water blank | E3: 19 | F3: Unknown | G3: 1 | H3: 1 | I3: TP | J3: ug P/L | K3: 0.0189 | L3: 0.41 | M3: -1.72 | N3: TN | O3: ug N/L | P3: 0.0752 | Q3: 0.971 | R3: -7.82 | T3: 1 | U3: 1 | W3: -1.72 | X3: -1.72 | Y3: -1.72 | AF3: 1 | AH3: -7.82 | AI3: -7.82 | AJ3: -7.82 | AR3: 37
A4: 46085 | B4: 0.45715278 | C4: OM_3-4-2026_10-18-36AM.OMN | D4: water blank | E4: 20 | F4: Unknown | G4: 1 | H4: 1 | I4: TP | J4: ug P/L | K4: 0.0196 | L4: 0.395 | M4: -2.22 | N4: TN | O4: ug N/L | P4: 0.0883 | Q4: 1.12 | R4: 3.67 | T4: 1 | U4: 1 | W4: -2.22 | X4: -2.22 | Y4: -2.22 | AF4: 1 | AH4: 3.67 | AI4: 3.67 | AJ4: 3.67 | AR4: 38
A5: 46085 | B5: 0.45804398 | C5: OM_3-4-2026_10-18-36AM.OMN | D5: water blank | E5: 21 | F5: Unknown | G5: 1 | H5: 1 | I5: TP | J5: ug P/L | K5: 0.0174 | L5: 0.415 | M5: -1.56 | N5: TN | O5: ug N/L | P5: 0.0736 | Q5: 0.978 | R5: -7.26 | T5: 1 | U5: 1 | W5: -1.56 | X5: -1.56 | Y5: -1.56 | AF5: 1 | AH5: -7.26 | AI5: -7.26 | AJ5: -7.26 | AR5: 39
A6: 46085 | B6: 0.45893519 | C6: OM_3-4-2026_10-18-36AM.OMN | D6: water blank | E6: 22 | F6: Unknown | G6: 1 | H6: 1 | I6: TP | J6: ug P/L | K6: 0.0212 | L6: 0.486 | M6: 0.811 | N6: TN | O6: ug N/L | P6: 0.0751 | Q6: 0.944 | R6: -9.93 | T6: 1 | U6: 1 | W6: 0.811 | X6: 0.811 | Y6: 0.811 | AF6: 1 | AH6: -9.93 | AI6: -9.93 | AJ6: -9.93 | AR6: 40
A7: 46085 | B7: 0.45981481 | C7: OM_3-4-2026_10-18-36AM.OMN | D7: water blank | E7: 23 | F7: Unknown | G7: 1 | H7: 1 | I7: TP | J7: ug P/L | K7: 0.0202 | L7: 0.446 | M7: -0.533 | N7: TN | O7: ug N/L | P7: 0.0798 | Q7: 1.12 | R7: 3.8 | T7: 1 | U7: 1 | W7: -0.533 | X7: -0.533 | Y7: -0.533 | AF7: 1 | AH7: 3.8 | AI7: 3.8 | AJ7: 3.8 | AR7: 41
J11: Known Conc | M11: 0 | O11: Known Conc | R11: 0
J12: Mean | L12: =AVERAGE(L3:L7) -> 0.4304 | M12: =AVERAGE(M3:M7) -> -1.0444 | O12: Mean | Q12: =AVERAGE(Q3:Q7) -> 1.0266 | R12: =AVERAGE(R3:R7) -> -3.508
J13: Std Dev | L13: =_xlfn.STDEV.S(L3:L7) -> 0.036198066 | M13: =_xlfn.STDEV.S(M3:M7) -> 1.2050263 | O13: Std Dev | Q13: =_xlfn.STDEV.S(Q3:Q7) -> 0.086202088 | R13: =_xlfn.STDEV.S(R3:R7) -> 6.6866187
J14: CV or %RSD | L14: =100*L13/L12 -> 8.4103314 | M14: =100*M13/M12 -> -115.37976 | O14: CV or %RSD | Q14: =100*Q13/Q12 -> 8.3968525 | R14: =100*R13/R12 -> -190.61057
J15: T value | L15: =TINV(0.02,4) -> 3.7469474 | M15: =TINV(0.02,4) -> 3.7469474 | O15: T value | Q15: =TINV(0.02,4) -> 3.7469474 | R15: =TINV(0.02,4) -> 3.7469474
J16: MDL | L16: =L13*L15 -> 0.13563225 | M16: =M13*M15 -> 4.51517 | O16: MDL | Q16: =Q13*Q15 -> 0.32299469 | R16: =R13*R15 -> 25.054409
J17: LOQ | L17: =10*L13 -> 0.36198066 | M17: =10*M13 -> 12.050263 | O17: LOQ | Q17: =10*Q13 -> 0.86202088 | R17: =10*R13 -> 66.866187
J18: Error as % | O18: Error as %
J19: Known/MDL | O19: Known/MDL
J20: Mean PR | O20: Mean PR
J21: S/N | L21: =L12/L13 -> 11.890138 | M21: =M12/M13 -> -0.8667031 | O21: S/N | Q21: =Q12/Q13 -> 11.909224 | R21: =R12/R13 -> -0.52462988 | X21: MEANS | Y21: =AVERAGE(Y3:Y7) -> -1.0444 | AI21: MEANS | AJ21: =AVERAGE(AJ3:AJ7) -> -3.508
F22: Different from 0? | H22: one sample T-test | L22: p value | M22: 0.4149 | Q22: p value | R22: 0.3504
J23: count | L23: =COUNT(M3:M10) -> 5 | Q23: =COUNT(R3:R10) -> 5
J24: std error of mean | L24: =M13/SQRT(L23) -> 0.53890413 | Q24: =R13/SQRT(Q23) -> 2.9903468
J25: df | L25: =L23-1 -> 4 | Q25: =Q23-1 -> 4
J26: t | L26: =ABS((M12-0)/L24) -> 1.938007 | Q26: =ABS((R12-0)/Q24) -> 1.1731081
J27: p value | L27: =_xlfn.T.DIST.2T(L26,L25) -> 0.12466252 | Q27: =_xlfn.T.DIST.2T(Q26,Q25) -> 0.30584146
A29: DIGESTION CHECK - is organic material completely converted to inorganic?
A30: 46085 | B30: 0.46069444 | C30: OM_3-4-2026_10-18-36AM.OMN | D30: digest check | E30: 24 | F30: Unknown | G30: 1 | H30: 1 | I30: TP | J30: ug P/L | K30: 0.0856 | L30: 1.64 | M30: 40.4 | N30: TN | O30: ug N/L | P30: 0.564 | Q30: 6.09 | R30: 391 | T30: 1 | U30: 1 | W30: 40.4 | X30: 40.4 | Y30: 40.4 | AF30: 1 | AH30: 391 | AI30: 391 | AJ30: 391 | AR30: 42
A31: 46085 | B31: 0.46158565 | C31: OM_3-4-2026_10-18-36AM.OMN | D31: digest check | E31: 25 | F31: Unknown | G31: 1 | H31: 1 | I31: TP | J31: ug P/L | K31: 0.0858 | L31: 1.59 | M31: 38.5 | N31: TN | O31: ug N/L | P31: 0.586 | Q31: 6.32 | R31: 409 | T31: 1 | U31: 1 | W31: 38.5 | X31: 38.5 | Y31: 38.5 | AF31: 1 | AH31: 409 | AI31: 409 | AJ31: 409 | AR31: 43
A32: 46085 | B32: 0.46246528 | C32: OM_3-4-2026_10-18-36AM.OMN | D32: digest check | E32: 26 | F32: Unknown | G32: 1 | H32: 1 | I32: TP | J32: ug P/L | K32: 0.0854 | L32: 1.62 | M32: 39.5 | N32: TN | O32: ug N/L | P32: 0.538 | Q32: 5.85 | R32: 372 | T32: 1 | U32: 1 | W32: 39.5 | X32: 39.5 | Y32: 39.5 | AF32: 1 | AH32: 372 | AI32: 372 | AJ32: 372 | AR32: 44
A33: 46085 | B33: 0.46334491 | C33: OM_3-4-2026_10-18-36AM.OMN | D33: digest check | E33: 27 | F33: Unknown | G33: 1 | H33: 1 | I33: TP | J33: ug P/L | K33: 0.0824 | L33: 1.56 | M33: 37.5 | N33: TN | O33: ug N/L | P33: 0.557 | Q33: 6.13 | R33: 394 | T33: 1 | U33: 1 | W33: 37.5 | X33: 37.5 | Y33: 37.5 | AF33: 1 | AH33: 394 | AI33: 394 | AJ33: 394 | AR33: 45
A34: 46085 | B34: 0.46422454 | C34: OM_3-4-2026_10-18-36AM.OMN | D34: digest check | E34: 28 | F34: Unknown | G34: 1 | H34: 1 | I34: TP | J34: ug P/L | K34: 0.0845 | L34: 1.67 | M34: 41.4 | N34: TN | O34: ug N/L | P34: 0.599 | Q34: 6.45 | R34: 418 | T34: 1 | U34: 1 | W34: 41.4 | X34: 41.4 | Y34: 41.4 | AF34: 1 | AH34: 418 | AI34: 418 | AJ34: 418 | AR34: 46
L38: Known Conc | M38: 40 | Q38: Known Conc | R38: 400 | X38: Known Conc | Y38: 40 | AI38: Known Conc | AJ38: 400
L39: Mean | M39: =AVERAGE(M30:M34) -> 39.46 | Q39: Mean | R39: =AVERAGE(R30:R34) -> 396.8 | X39: Mean | Y39: =AVERAGE(Y30:Y34) -> 39.46 | AI39: Mean | AJ39: =AVERAGE(AJ30:AJ34) -> 396.8
L40: Std Dev | M40: =_xlfn.STDEV.S(M30:M34) -> 1.5339492 | Q40: Std Dev | R40: =_xlfn.STDEV.S(R30:R34) -> 17.711578 | X40: Std Dev | Y40: =_xlfn.STDEV.S(Y30:Y34) -> 1.5339492 | AI40: Std Dev | AJ40: =_xlfn.STDEV.S(AJ30:AJ34) -> 17.711578
L41: CV or %RSD | M41: =100*M40/M39 -> 3.8873521 | Q41: CV or %RSD | R41: =100*R40/R39 -> 4.4636034 | X41: CV or %RSD | Y41: =100*Y40/Y39 -> 3.8873521 | AI41: CV or %RSD | AJ41: =100*AJ40/AJ39 -> 4.4636034
L42: T value | M42: =TINV(0.02,4) -> 3.7469474 | Q42: T value | R42: =TINV(0.02,4) -> 3.7469474 | X42: T value | Y42: =TINV(0.02,4) -> 3.7469474 | AI42: T value | AJ42: =TINV(0.02,4) -> 3.7469474
L43: MDL | M43: =M40*M42 -> 5.7476268 | Q43: MDL | R43: =R40*R42 -> 66.364351 | X43: MDL | Y43: =Y40*Y42 -> 5.7476268 | AI43: MDL | AJ43: =AJ40*AJ42 -> 66.364351
L44: LOQ | M44: =10*M40 -> 15.339492 | Q44: LOQ | R44: =10*R40 -> 177.11578 | X44: LOQ | Y44: =10*Y40 -> 15.339492 | AI44: LOQ | AJ44: =10*AJ40 -> 177.11578
L45: Error as % | M45: =100*(M39-M38)/M38 -> -1.35 | Q45: Error as % | R45: =100*(R39-R38)/R38 -> -0.8 | X45: Error as % | Y45: =100*(Y39-Y38)/Y38 -> -1.35 | AI45: Error as % | AJ45: =100*(AJ39-AJ38)/AJ38 -> -0.8
L46: Known/MDL | Q46: Known/MDL | X46: Known/MDL | AI46: Known/MDL
L47: Mean PR | M47: =100*M39/M38 -> 98.65 | Q47: Mean PR | R47: =100*R39/R38 -> 99.2 | X47: Mean PR | AI47: Mean PR
L48: S/N | M48: =M39/M40 -> 25.724451 | Q48: S/N | R48: =R39/R40 -> 22.403424 | X48: S/N | Y48: =Y39/Y40 -> 25.724451 | AI48: S/N | AJ48: =AJ39/AJ40 -> 22.403424
A51: SPIKED BLANKS- used for MDL determination (250 ul spiking soln 1000/10000 into 10 ml sample)
A52: 46085 | B52: 0.46510417 | C52: OM_3-4-2026_10-18-36AM.OMN | D52: spk blank | E52: 29 | F52: Unknown | G52: 1 | H52: 1 | I52: TP | J52: ug P/L | K52: 0.0721 | L52: 1.05 | M52: 20 | N52: TN | O52: ug N/L | P52: 0.392 | Q52: 4.3 | R52: 251 | T52: 1 | U52: 2 | V52: prepped with next day's digestion | W52: 20 | X52: 20 | Y52: 20 | AF52: 2 | AG52: prepped with next day's digestion | AH52: 251 | AI52: 251 | AJ52: 251 | AR52: 47
A53: 46085 | B53: 0.4659838 | C53: OM_3-4-2026_10-18-36AM.OMN | D53: spk blank | E53: 30 | F53: Unknown | G53: 1 | H53: 1 | I53: TP | J53: ug P/L | K53: 0.0531 | L53: 0.93 | M53: 15.8 | N53: TN | O53: ug N/L | P53: 0.422 | Q53: 4.66 | R53: 279 | T53: 1 | U53: 2 | V53: prepped with next day's digestion | W53: 15.8 | X53: 15.8 | Y53: 15.8 | AF53: 2 | AG53: prepped with next day's digestion | AH53: 279 | AI53: 279 | AJ53: 279 | AR53: 48
A54: 46085 | B54: 0.466875 | C54: OM_3-4-2026_10-18-36AM.OMN | D54: spk blank | E54: 31 | F54: Unknown | G54: 1 | H54: 1 | I54: TP | J54: ug P/L | K54: 0.054 | L54: 1.05 | M54: 20.1 | N54: TN | O54: ug N/L | P54: 0.376 | Q54: 4.09 | R54: 235 | T54: 1 | U54: 2 | V54: prepped with next day's digestion | W54: 20.1 | X54: 20.1 | Y54: 20.1 | AF54: 2 | AG54: prepped with next day's digestion | AH54: 235 | AI54: 235 | AJ54: 235 | AR54: 49
A55: 46085 | B55: 0.46777778 | C55: OM_3-4-2026_10-18-36AM.OMN | D55: spk blank | E55: 32 | F55: Unknown | G55: 1 | H55: 1 | I55: TP | J55: ug P/L | K55: 0.0603 | L55: 1.06 | M55: 20.2 | N55: TN | O55: ug N/L | P55: 0.388 | Q55: 4.25 | R55: 247 | T55: 1 | U55: 2 | V55: prepped with next day's digestion | W55: 20.2 | X55: 20.2 | Y55: 20.2 | AF55: 2 | AG55: prepped with next day's digestion | AH55: 247 | AI55: 247 | AJ55: 247 | AR55: 50
A56: 46085 | B56: 0.46866898 | C56: OM_3-4-2026_10-18-36AM.OMN | D56: spk blank | E56: 33 | F56: Unknown | G56: 1 | H56: 1 | I56: TP | J56: ug P/L | K56: 0.0571 | L56: 0.997 | M56: 18.1 | N56: TN | O56: ug N/L | P56: 0.382 | Q56: 4.23 | R56: 246 | T56: 1 | U56: 2 | V56: prepped with next day's digestion | W56: 18.1 | X56: 18.1 | Y56: 18.1 | AF56: 2 | AG56: prepped with next day's digestion | AH56: 246 | AI56: 246 | AJ56: 246 | AR56: 51
L60: Known Conc | M60: 24.39 | Q60: Known Conc | R60: 243.9 | X60: Known Conc | Y60: 24.39 | AI60: Known Conc | AJ60: 243.9
L61: Mean | M61: =AVERAGE(M52:M56) -> 18.84 | Q61: Mean | R61: =AVERAGE(R52:R56) -> 251.6 | X61: Mean | Y61: =AVERAGE(Y52:Y56) -> 18.84 | AI61: Mean | AJ61: =AVERAGE(AJ52:AJ56) -> 251.6
L62: Std Dev | M62: =_xlfn.STDEV.S(M52:M56) -> 1.9086645 | Q62: Std Dev | R62: =_xlfn.STDEV.S(R52:R56) -> 16.42559 | X62: Std Dev | Y62: =_xlfn.STDEV.S(Y52:Y56) -> 1.9086645 | AI62: Std Dev | AJ62: =_xlfn.STDEV.S(AJ52:AJ56) -> 16.42559
L63: CV or %RSD | M63: =100*M62/M61 -> 10.130915 | Q63: CV or %RSD | R63: =100*R62/R61 -> 6.5284538 | X63: CV or %RSD | Y63: =100*Y62/Y61 -> 10.130915 | AI63: CV or %RSD | AJ63: =100*AJ62/AJ61 -> 6.5284538
L64: T value | M64: =TINV(0.02,4) -> 3.7469474 | Q64: T value | R64: =TINV(0.02,4) -> 3.7469474 | X64: T value | Y64: =TINV(0.02,4) -> 3.7469474 | AI64: T value | AJ64: =TINV(0.02,4) -> 3.7469474
L65: MDL | M65: =M62*M64 -> 7.1516653 | Q65: MDL | R65: =R62*R64 -> 61.545821 | X65: MDL | Y65: =Y62*Y64 -> 7.1516653 | AI65: MDL | AJ65: =AJ62*AJ64 -> 61.545821
L66: LOQ | M66: =10*M62 -> 19.086645 | Q66: LOQ | R66: =10*R62 -> 164.2559 | X66: LOQ | Y66: =10*Y62 -> 19.086645 | AI66: LOQ | AJ66: =10*AJ62 -> 164.2559
L67: Error as % | M67: =100*(M61-M60)/M60 -> -22.755228 | Q67: Error as % | R67: =100*(R61-R60)/R60 -> 3.1570316 | X67: Error as % | Y67: =100*(Y61-Y60)/Y60 -> -22.755228 | AI67: Error as % | AJ67: =100*(AJ61-AJ60)/AJ60 -> 3.1570316
L68: Known/MDL | Q68: Known/MDL | X68: Known/MDL | AI68: Known/MDL
L69: Mean PR | M69: =100*M61/M60 -> 77.244772 | Q69: Mean PR | R69: =100*R61/R60 -> 103.15703 | X69: Mean PR | AI69: Mean PR
L70: S/N | M70: =M61/M62 -> 9.8707764 | Q70: S/N | R70: =R61/R62 -> 15.317563 | X70: S/N | Y70: =Y61/Y62 -> 9.8707764 | AI70: S/N | AJ70: =AJ61/AJ62 -> 15.317563

Sheet Raw Data
A1: Detection Date | B1: Detection Time | C1: Run File Name | D1: Sample ID | E1: Sample Name | F1: Cup Number | G1: Sample Type | H1: Auto Dilution Factor | I1: Manual Dilution Factor | J1: Analyte Name | K1: Concentration Units | L1: Peak Height | M1: Peak Area | N1: Peak Concentration | O1: Analyte Name | P1: Concentration Units | Q1: Peak Height | R1: Peak Area | S1: Peak Concentration
A3: 46085 | B3: 0.43225694 | C3: OM_3-4-2026_10-18-36AM.OMN | D3: dye | F3: S16 | G3: Unknown | H3: 1 | I3: 1 | J3: TP | K3: ug P/L | L3: 0.172 | M3: 1.79 | N3: 34.2 | O3: TN | P3: ug N/L | Q3: -0.0107 | R3: -0.121 | S3: -116
A4: 46085 | B4: 0.43318287 | C4: OM_3-4-2026_10-18-36AM.OMN | D4: dye | F4: S16 | G4: Unknown | H4: 1 | I4: 1 | J4: TP | K4: ug P/L | L4: 0.135 | M4: 1.37 | N4: 21.6 | O4: TN | P4: ug N/L | Q4: 0.0251 | R4: 0.0326 | S4: -100
A5: 46085 | B5: 0.43407407 | C5: OM_3-4-2026_10-18-36AM.OMN | D5: NO2 | F5: S1 | G5: Unknown | H5: 1 | I5: 1 | J5: TP | K5: ug P/L | L5: 0.14 | M5: 1.41 | N5: 22.8 | O5: TN | P5: ug N/L | Q5: 1.89 | R5: 20.6 | S5: 2030
A6: 46085 | B6: 0.4349537 | C6: OM_3-4-2026_10-18-36AM.OMN | D6: NO3 | F6: S2 | G6: Unknown | H6: 1 | I6: 1 | J6: TP | K6: ug P/L | L6: 0.139 | M6: 1.39 | N6: 22.1 | O6: TN | P6: ug N/L | Q6: 1.92 | R6: 20.5 | S6: 2030
A7: 46085 | B7: 0.43583333 | C7: OM_3-4-2026_10-18-36AM.OMN | D7: NO2 | F7: S1 | G7: Unknown | H7: 1 | I7: 1 | J7: TP | K7: ug P/L | L7: 0.138 | M7: 1.4 | N7: 22.6 | O7: TN | P7: ug N/L | Q7: 1.83 | R7: 20 | S7: 1970
A8: 46085 | B8: 0.43671296 | C8: OM_3-4-2026_10-18-36AM.OMN | D8: NO3 | F8: S2 | G8: Unknown | H8: 1 | I8: 1 | J8: TP | K8: ug P/L | L8: 0.143 | M8: 1.49 | N8: 25.1 | O8: TN | P8: ug N/L | Q8: 1.98 | R8: 21.1 | S8: 2090
A9: 46085 | B9: 0.43760417 | C9: OM_3-4-2026_10-18-36AM.OMN | D9: water | F9: S3 | G9: Unknown | H9: 1 | I9: 1 | J9: TP | K9: ug P/L | L9: 0.141 | M9: 1.43 | N9: 23.2 | O9: TN | P9: ug N/L | Q9: 0.0112 | R9: 0.355 | S9: -66
A10: 46085 | B10: 0.43849537 | C10: OM_3-4-2026_10-18-36AM.OMN | D10: water | F10: S3 | G10: Unknown | H10: 1 | I10: 1 | J10: TP | K10: ug P/L | L10: 0.141 | M10: 1.46 | N10: 24.4 | O10: TN | P10: ug N/L | Q10: 0.0306 | R10: 0.052 | S10: -98
A11: 46085 | B11: 0.43939815 | C11: OM_3-4-2026_10-18-36AM.OMN | D11: bisulfate carrier | F11: S4 | G11: Unknown | H11: 1 | I11: 1 | J11: TP | K11: ug P/L | L11: 0.0104 | M11: 0.0978 | N11: -16.9 | O11: TN | P11: ug N/L | Q11: -0.028 | R11: -0.178 | S11: -122
A12: 46085 | B12: 0.44027778 | C12: OM_3-4-2026_10-18-36AM.OMN | D12: bisulfate carrier | F12: S4 | G12: Unknown | H12: 1 | I12: 1 | J12: TP | K12: ug P/L | L12: 0.0113 | M12: 0.11 | N12: -16.6 | O12: TN | P12: ug N/L | Q12: -0.0216 | R12: -0.165 | S12: -121
A13: 46085 | B13: 0.44118056 | C13: OM_3-4-2026_10-18-36AM.OMN | D13: cal std 150 | F13: 1 | G13: Calibration Standard | H13: 1 | I13: 1 | J13: TP | K13: ug P/L | L13: 0.294 | M13: 4.73 | N13: 150 | O13: TN | P13: ug N/L | Q13: 1.93 | R13: 20.2 | S13: 1500
A14: 46085 | B14: 0.44208333 | C14: OM_3-4-2026_10-18-36AM.OMN | D14: cal std 150 | F14: 1 | G14: Calibration Standard | H14: 1 | I14: 1 | J14: TP | K14: ug P/L | L14: 0.294 | M14: 4.68 | N14: 150 | O14: TN | P14: ug N/L | Q14: 1.96 | R14: 20.6 | S14: 1500
A15: 46085 | B15: 0.44297454 | C15: OM_3-4-2026_10-18-36AM.OMN | D15: cal std 100 | F15: 3 | G15: Calibration Standard | H15: 1 | I15: 1 | J15: TP | K15: ug P/L | L15: 0.202 | M15: 3.3 | N15: 100 | O15: TN | P15: ug N/L | Q15: 1.32 | R15: 14 | S15: 1000
A16: 46085 | B16: 0.44386574 | C16: OM_3-4-2026_10-18-36AM.OMN | D16: cal std 100 | F16: 3 | G16: Calibration Standard | H16: 1 | I16: 1 | J16: TP | K16: ug P/L | L16: 0.202 | M16: 3.32 | N16: 100 | O16: TN | P16: ug N/L | Q16: 1.3 | R16: 13.8 | S16: 1000
A17: 46085 | B17: 0.44475694 | C17: OM_3-4-2026_10-18-36AM.OMN | D17: cal std 50 | F17: 5 | G17: Calibration Standard | H17: 1 | I17: 1 | J17: TP | K17: ug P/L | L17: 0.102 | M17: 1.79 | N17: 50 | O17: TN | P17: ug N/L | Q17: 0.65 | R17: 7.12 | S17: 500
A18: 46085 | B18: 0.44564815 | C18: OM_3-4-2026_10-18-36AM.OMN | D18: cal std 50 | F18: 5 | G18: Calibration Standard | H18: 1 | I18: 1 | J18: TP | K18: ug P/L | L18: 0.101 | M18: 1.83 | N18: 50 | O18: TN | P18: ug N/L | Q18: 0.69 | R18: 7.41 | S18: 500
A19: 46085 | B19: 0.44652778 | C19: OM_3-4-2026_10-18-36AM.OMN | D19: cal std 25 | F19: 7 | G19: Calibration Standard | H19: 1 | I19: 1 | J19: TP | K19: ug P/L | L19: 0.0541 | M19: 1.15 | N19: 25 | O19: TN | P19: ug N/L | Q19: 0.388 | R19: 4.24 | S19: 250
A20: 46085 | B20: 0.44741898 | C20: OM_3-4-2026_10-18-36AM.OMN | D20: cal std 25 | F20: 7 | G20: Calibration Standard | H20: 1 | I20: 1 | J20: TP | K20: ug P/L | L20: 0.0544 | M20: 1.11 | N20: 25 | O20: TN | P20: ug N/L | Q20: 0.409 | R20: 4.35 | S20: 250
A21: 46085 | B21: 0.44829861 | C21: OM_3-4-2026_10-18-36AM.OMN | D21: cal std 10 | F21: 9 | G21: Calibration Standard | H21: 1 | I21: 1 | J21: TP | K21: ug P/L | L21: 0.0301 | M21: 0.734 | N21: 10 | O21: TN | P21: ug N/L | Q21: 0.211 | R21: 2.38 | S21: 100
A22: 46085 | B22: 0.44918981 | C22: OM_3-4-2026_10-18-36AM.OMN | D22: cal std 10 | F22: 9 | G22: Calibration Standard | H22: 1 | I22: 1 | J22: TP | K22: ug P/L | L22: 0.0294 | M22: 0.741 | N22: 10 | O22: TN | P22: ug N/L | Q22: 0.211 | R22: 2.54 | S22: 100
A23: 46085 | B23: 0.45006944 | C23: OM_3-4-2026_10-18-36AM.OMN | D23: cal std 5 | F23: 11 | G23: Calibration Standard | H23: 1 | I23: 1 | J23: TP | K23: ug P/L | L23: 0.0275 | M23: 0.728 | N23: 5 | O23: TN | P23: ug N/L | Q23: 0.155 | R23: 1.8 | S23: 50
A24: 46085 | B24: 0.45096065 | C24: OM_3-4-2026_10-18-36AM.OMN | D24: cal std 5 | F24: 11 | G24: Calibration Standard | H24: 1 | I24: 1 | J24: TP | K24: ug P/L | L24: 0.0261 | M24: 0.654 | N24: 5 | O24: TN | P24: ug N/L | Q24: 0.148 | R24: 1.71 | S24: 50
... A26: 46085 | B26: 0.45271991 | C26: OM_3-4-2026_10-18-36AM.OMN | D26: cal std 0 | F26: 13 | G26: Calibration Standard | H26: 1 | I26: 1 | J26: TP | K26: ug P/L | L26: 0.0182 | M26: 0.42 | N26: 0 | O26: TN | P26: ug N/L | Q26: 0.0745 | R26: 0.964 | S26: 0
A27: 46085 | B27: 0.45358796 | C27: OM_3-4-2026_10-18-36AM.OMN | D27: NO2 | F27: S1 | G27: Unknown | H27: 1 | I27: 1 | J27: TP | K27: ug P/L | L27: 0.138 | M27: 1.38 | N27: 31.1 | O27: TN | P27: ug N/L | Q27: 1.88 | R27: 20.3 | S27: 1500
A28: 46085 | B28: 0.45447917 | C28: OM_3-4-2026_10-18-36AM.OMN | D28: NO3 | F28: S2 | G28: Unknown | H28: 1 | I28: 1 | J28: TP | K28: ug P/L | L28: 0.141 | M28: 1.46 | N28: 34 | O28: TN | P28: ug N/L | Q28: 1.92 | R28: 20.4 | S28: 1510
A29: 46085 | B29: 0.45537037 | C29: OM_3-4-2026_10-18-36AM.OMN | D29: water | F29: S3 | G29: Unknown | H29: 1 | I29: 1 | J29: TP | K29: ug P/L | L29: 0.137 | M29: 1.37 | N29: 31 | O29: TN | P29: ug N/L | Q29: -0.00324 | R29: -0.0198 | S29: -85
A30: 46085 | B30: 0.45626157 | C30: OM_3-4-2026_10-18-36AM.OMN | D30: water blank | F30: 19 | G30: Unknown | H30: 1 | I30: 1 | J30: TP | K30: ug P/L | L30: 0.0189 | M30: 0.41 | N30: -1.72 | O30: TN | P30: ug N/L | Q30: 0.0752 | R30: 0.971 | S30: -7.82
A31: 46085 | B31: 0.45715278 | C31: OM_3-4-2026_10-18-36AM.OMN | D31: water blank | F31: 20 | G31: Unknown | H31: 1 | I31: 1 | J31: TP | K31: ug P/L | L31: 0.0196 | M31: 0.395 | N31: -2.22 | O31: TN | P31: ug N/L | Q31: 0.0883 | R31: 1.12 | S31: 3.67
A32: 46085 | B32: 0.45804398 | C32: OM_3-4-2026_10-18-36AM.OMN | D32: water blank | F32: 21 | G32: Unknown | H32: 1 | I32: 1 | J32: TP | K32: ug P/L | L32: 0.0174 | M32: 0.415 | N32: -1.56 | O32: TN | P32: ug N/L | Q32: 0.0736 | R32: 0.978 | S32: -7.26
A33: 46085 | B33: 0.45893519 | C33: OM_3-4-2026_10-18-36AM.OMN | D33: water blank | F33: 22 | G33: Unknown | H33: 1 | I33: 1 | J33: TP | K33: ug P/L | L33: 0.0212 | M33: 0.486 | N33: 0.811 | O33: TN | P33: ug N/L | Q33: 0.0751 | R33: 0.944 | S33: -9.93
A34: 46085 | B34: 0.45981481 | C34: OM_3-4-2026_10-18-36AM.OMN | D34: water blank | F34: 23 | G34: Unknown | H34: 1 | I34: 1 | J34: TP | K34: ug P/L | L34: 0.0202 | M34: 0.446 | N34: -0.533 | O34: TN | P34: ug N/L | Q34: 0.0798 | R34: 1.12 | S34: 3.8
A35: 46085 | B35: 0.46069444 | C35: OM_3-4-2026_10-18-36AM.OMN | D35: digest check | F35: 24 | G35: Unknown | H35: 1 | I35: 1 | J35: TP | K35: ug P/L | L35: 0.0856 | M35: 1.64 | N35: 40.4 | O35: TN | P35: ug N/L | Q35: 0.564 | R35: 6.09 | S35: 391
A36: 46085 | B36: 0.46158565 | C36: OM_3-4-2026_10-18-36AM.OMN | D36: digest check | F36: 25 | G36: Unknown | H36: 1 | I36: 1 | J36: TP | K36: ug P/L | L36: 0.0858 | M36: 1.59 | N36: 38.5 | O36: TN | P36: ug N/L | Q36: 0.586 | R36: 6.32 | S36: 409
A37: 46085 | B37: 0.46246528 | C37: OM_3-4-2026_10-18-36AM.OMN | D37: digest check | F37: 26 | G37: Unknown | H37: 1 | I37: 1 | J37: TP | K37: ug P/L | L37: 0.0854 | M37: 1.62 | N37: 39.5 | O37: TN | P37: ug N/L | Q37: 0.538 | R37: 5.85 | S37: 372
A38: 46085 | B38: 0.46334491 | C38: OM_3-4-2026_10-18-36AM.OMN | D38: digest check | F38: 27 | G38: Unknown | H38: 1 | I38: 1 | J38: TP | K38: ug P/L | L38: 0.0824 | M38: 1.56 | N38: 37.5 | O38: TN | P38: ug N/L | Q38: 0.557 | R38: 6.13 | S38: 394
A39: 46085 | B39: 0.46422454 | C39: OM_3-4-2026_10-18-36AM.OMN | D39: digest check | F39: 28 | G39: Unknown | H39: 1 | I39: 1 | J39: TP | K39: ug P/L | L39: 0.0845 | M39: 1.67 | N39: 41.4 | O39: TN | P39: ug N/L | Q39: 0.599 | R39: 6.45 | S39: 418
A40: 46085 | B40: 0.46510417 | C40: OM_3-4-2026_10-18-36AM.OMN | D40: spk blank | F40: 29 | G40: Unknown | H40: 1 | I40: 1 | J40: TP | K40: ug P/L | L40: 0.0721 | M40: 1.05 | N40: 20 | O40: TN | P40: ug N/L | Q40: 0.392 | R40: 4.3 | S40: 251
A41: 46085 | B41: 0.4659838 | C41: OM_3-4-2026_10-18-36AM.OMN | D41: spk blank | F41: 30 | G41: Unknown | H41: 1 | I41: 1 | J41: TP | K41: ug P/L | L41: 0.0531 | M41: 0.93 | N41: 15.8 | O41: TN | P41: ug N/L | Q41: 0.422 | R41: 4.66 | S41: 279
... A44: 46085 | B44: 0.46866898 | C44: OM_3-4-2026_10-18-36AM.OMN | D44: spk blank | F44: 33 | G44: Unknown | H44: 1 | I44: 1 | J44: TP | K44: ug P/L | L44: 0.0571 | M44: 0.997 | N44: 18.1 | O44: TN | P44: ug N/L | Q44: 0.382 | R44: 4.23 | S44: 246
A45: 46085 | B45: 0.46956019 | C45: OM_3-4-2026_10-18-36AM.OMN | D45: S1 | E45: 707 9/15/25 | F45: 34 | G45: Unknown | H45: 1 | I45: 1 | J45: TP | K45: ug P/L | L45: 0.218 | M45: 3.56 | N45: 109 | O45: TN | P45: ug N/L | Q45: 0.842 | R45: 8.85 | S45: 606
A46: 46085 | B46: 0.47045139 | C46: OM_3-4-2026_10-18-36AM.OMN | D46: S2 | E46: B4 6/18/25 | F46: 35 | G46: Unknown | H46: 1 | I46: 1 | J46: TP | K46: ug P/L | L46: 0.29 | M46: 4.13 | N46: 130 | O46: TN | P46: ug N/L | Q46: 0.726 | R46: 7.8 | S46: 524
A47: 46085 | B47: 0.47134259 | C47: OM_3-4-2026_10-18-36AM.OMN | D47: S3 | E47: B3 6/18/25 | F47: 36 | G47: Unknown | H47: 1 | I47: 1 | J47: TP | K47: ug P/L | L47: 0.237 | M47: 3.72 | N47: 115 | O47: TN | P47: ug N/L | Q47: 0.991 | R47: 10.7 | S47: 749
A48: 46085 | B48: 0.47222222 | C48: OM_3-4-2026_10-18-36AM.OMN | D48: S4 | E48: C4 9/29/25 | F48: 37 | G48: Unknown | H48: 1 | I48: 1 | J48: TP | K48: ug P/L | L48: 0.0886 | M48: 1.55 | N48: 37.3 | O48: TN | P48: ug N/L | Q48: 0.98 | R48: 10.4 | S48: 726
A49: 46085 | B49: 0.47311343 | C49: OM_3-4-2026_10-18-36AM.OMN | D49: S5 | E49: D3 9/29/25 | F49: 38 | G49: Duplicate Set | H49: 1 | I49: 1 | J49: TP | K49: ug P/L | L49: 0.18 | M49: 2.96 | N49: 87 | O49: TN | P49: ug N/L | Q49: 1.01 | R49: 10.7 | S49: 751
A50: 46085 | B50: 0.47399306 | C50: OM_3-4-2026_10-18-36AM.OMN | D50: DUP S5 | F50: 44 | G50: Duplicate Set | H50: 1 | I50: 1 | J50: TP | K50: ug P/L | L50: 0.187 | M50: 2.78 | N50: 80.5 | O50: TN | P50: ug N/L | Q50: 0.986 | R50: 10.4 | S50: 727
A51: 46085 | B51: 0.47487269 | C51: OM_3-4-2026_10-18-36AM.OMN | D51: S6 | E51: R1 7/31/25 | F51: 39 | G51: Unknown | H51: 1 | I51: 1 | J51: TP | K51: ug P/L | L51: 0.285 | M51: 4.41 | N51: 140 | O51: TN | P51: ug N/L | Q51: 0.396 | R51: 4.27 | S51: 249
A52: 46085 | B52: 0.47575231 | C52: OM_3-4-2026_10-18-36AM.OMN | D52: S7 | E52: D1 9/29/25 | F52: 40 | G52: Unknown | H52: 1 | I52: 1 | J52: TP | K52: ug P/L | L52: 0.169 | M52: 2.83 | N52: 82.4 | O52: TN | P52: ug N/L | Q52: 1.06 | R52: 11.2 | S52: 789
A53: 46085 | B53: 0.47664352 | C53: OM_3-4-2026_10-18-36AM.OMN | D53: S8 | E53: D4 9/29/25 | F53: 41 | G53: Unknown | H53: 1 | I53: 1 | J53: TP | K53: ug P/L | L53: 0.0576 | M53: 1.16 | N53: 23.7 | O53: TN | P53: ug N/L | Q53: 0.676 | R53: 7.26 | S53: 482
A54: 46085 | B54: 0.47752315 | C54: OM_3-4-2026_10-18-36AM.OMN | D54: S9 | E54: 707 8/07/25 | F54: 42 | G54: Unknown | H54: 1 | I54: 1 | J54: TP | K54: ug P/L | L54: 0.214 | M54: 3.53 | N54: 108 | O54: TN | P54: ug N/L | Q54: 0.659 | R54: 7.52 | S54: 502
A55: 46085 | B55: 0.47840278 | C55: OM_3-4-2026_10-18-36AM.OMN | D55: S10 | E55: C2 9/1/25 | F55: 43 | G55: Spike Set | H55: 1 | I55: 1 | J55: TP | K55: ug P/L | L55: 0.105 | M55: 1.94 | N55: 50.8 | O55: TN | P55: ug N/L | Q55: 1.07 | R55: 11.3 | S55: 795
A56: 46085 | B56: 0.47928241 | C56: OM_3-4-2026_10-18-36AM.OMN | D56: SPK S10 | F56: 45 | G56: Spike Set | H56: 1 | I56: 1 | J56: TP | K56: ug P/L | L56: 3.09 | M56: 15.6 | N56: 621 | O56: TN | P56: ug N/L | Q56: 0.0091 | R56: -0.0973 | S56: -91
A57: 46085 | B57: 0.48017361 | C57: OM_3-4-2026_10-18-36AM.OMN | D57: water | F57: S3 | G57: Unknown | H57: 1 | I57: 1 | J57: TP | K57: ug P/L | L57: 0.139 | M57: 1.32 | N57: 29.3 | O57: TN | P57: ug N/L | Q57: -0.00714 | R57: -0.0648 | S57: -88.5
A58: 46085 | B58: 0.48104167 | C58: OM_3-4-2026_10-18-36AM.OMN | D58: CHECK25 | F58: 15 | G58: Check Standard | H58: 1 | I58: 1 | J58: TP | K58: ug P/L | L58: 0.0557 | M58: 1.12 | N58: 22.2 | O58: TN | P58: ug N/L | Q58: 0.333 | R58: 3.79 | S58: 211
A59: 46085 | B59: 0.48193287 | C59: OM_3-4-2026_10-18-36AM.OMN | D59: S11 | E59: D1 6/18/25 | F59: 46 | G59: Unknown | H59: 1 | I59: 1 | J59: TP | K59: ug P/L | L59: 0.291 | M59: 4.51 | N59: 144 | O59: TN | P59: ug N/L | Q59: 0.687 | R59: 7.43 | S59: 495
A60: 46085 | B60: 0.48284722 | C60: OM_3-4-2026_10-18-36AM.OMN | D60: S12 | E60: C1 8/21/25 | F60: 47 | G60: Unknown | H60: 1 | I60: 1 | J60: TP | K60: ug P/L | L60: 0.065 | M60: 1.18 | N60: 24.3 | O60: TN | P60: ug N/L | Q60: 0.482 | R60: 5.25 | S60: 325
A61: 46085 | B61: 0.48373843 | C61: OM_3-4-2026_10-18-36AM.OMN | D61: S13 | E61: R1 7/3/25 | F61: 48 | G61: Unknown | H61: 1 | I61: 1 | J61: TP | K61: ug P/L | L61: 0.214 | M61: 3.55 | N61: 109 | O61: TN | P61: ug N/L | Q61: 0.341 | R61: 3.95 | S61: 224
A62: 46085 | B62: 0.48462963 | C62: OM_3-4-2026_10-18-36AM.OMN | D62: S14 | E62: D3 8/21/25 | F62: 49 | G62: Unknown | H62: 1 | I62: 1 | J62: TP | K62: ug P/L | L62: 0.116 | M62: 2.07 | N62: 55.2 | O62: TN | P62: ug N/L | Q62: 0.758 | R62: 7.9 | S62: 531
A63: 46085 | B63: 0.48552083 | C63: OM_3-4-2026_10-18-36AM.OMN | D63: S15 | E63: D3 6/18/25 | F63: 50 | G63: Duplicate Set | H63: 1 | I63: 1 | J63: TP | K63: ug P/L | L63: 0.21 | M63: 3.42 | N63: 104 | O63: TN | P63: ug N/L | Q63: 0.744 | R63: 7.93 | S63: 534
A64: 46085 | B64: 0.48640046 | C64: OM_3-4-2026_10-18-36AM.OMN | D64: DUP S15 | F64: 56 | G64: Duplicate Set | H64: 1 | I64: 1 | J64: TP | K64: ug P/L | L64: 0.236 | M64: 3.73 | N64: 115 | O64: TN | P64: ug N/L | Q64: 0.801 | R64: 8.5 | S64: 578
A65: 46085 | B65: 0.48729167 | C65: OM_3-4-2026_10-18-36AM.OMN | D65: S16 | E65: B1 6/18/25 | F65: 51 | G65: Unknown | H65: 1 | I65: 1 | J65: TP | K65: ug P/L | L65: 0.259 | M65: 4.09 | N65: 128 | O65: TN | P65: ug N/L | Q65: 0.831 | R65: 8.63 | S65: 588
A66: 46085 | B66: 0.48818287 | C66: OM_3-4-2026_10-18-36AM.OMN | D66: S17 | E66: C3 9/29/25 | F66: 52 | G66: Unknown | H66: 1 | I66: 1 | J66: TP | K66: ug P/L | L66: 0.123 | M66: 1.93 | N66: 50.3 | O66: TN | P66: ug N/L | Q66: 0.981 | R66: 10.3 | S66: 721
A67: 46085 | B67: 0.48907407 | C67: OM_3-4-2026_10-18-36AM.OMN | D67: S18 | E67: D4 6/18/25 | F67: 53 | G67: Unknown | H67: 1 | I67: 1 | J67: TP | K67: ug P/L | L67: 0.193 | M67: 3.16 | N67: 94.4 | O67: TN | P67: ug N/L | Q67: 0.65 | R67: 7.02 | S67: 463
A68: 46085 | B68: 0.4899537 | C68: OM_3-4-2026_10-18-36AM.OMN | D68: S19 | E68: C4 6/18/25 | F68: 54 | G68: Unknown | H68: 1 | I68: 1 | J68: TP | K68: ug P/L | L68: 0.231 | M68: 3.74 | N68: 116 | O68: TN | P68: ug N/L | Q68: 0.722 | R68: 7.94 | S68: 535
A69: 46085 | B69: 0.49084491 | C69: OM_3-4-2026_10-18-36AM.OMN | D69: S20 | E69: D2 7/03/25 | F69: 55 | G69: Unknown | H69: 1 | I69: 1 | J69: TP | K69: ug P/L | L69: 0.143 | M69: 2.45 | N69: 68.9 | O69: TN | P69: ug N/L | Q69: 0.779 | R69: 8.42 | S69: 572
A70: 46085 | B70: 0.49173611 | C70: OM_3-4-2026_10-18-36AM.OMN | D70: bisulfate | F70: S4 | G70: Unknown | H70: 1 | I70: 1 | J70: TP | K70: ug P/L | L70: 0.0112 | M70: 0.103 | N70: -12 | O70: TN | P70: ug N/L | Q70: -0.0412 | R70: -0.586 | S70: -129
A71: 46085 | B71: 0.49262731 | C71: OM_3-4-2026_10-18-36AM.OMN | D71: CHECK25 | F71: 16 | G71: Check Standard | H71: 1 | I71: 1 | J71: TP | K71: ug P/L | L71: 0.0566 | M71: 1.15 | N71: 23.5 | O71: TN | P71: ug N/L | Q71: 0.371 | R71: 4.02 | S71: 230
A72: 46085 | B72: 0.49350694 | C72: OM_3-4-2026_10-18-36AM.OMN | D72: NO2 | F72: S1 | G72: Unknown | H72: 1 | I72: 1 | J72: TP | K72: ug P/L | L72: 0.135 | M72: 1.37 | N72: 30.8 | O72: TN | P72: ug N/L | Q72: 1.82 | R72: 19.7 | S72: 1450
A73: 46085 | B73: 0.49438657 | C73: OM_3-4-2026_10-18-36AM.OMN | D73: NO3 | F73: S2 | G73: Unknown | H73: 1 | I73: 1 | J73: TP | K73: ug P/L | L73: 0.138 | M73: 1.38 | N73: 31.4 | O73: TN | P73: ug N/L | Q73: 1.92 | R73: 20.3 | S73: 1500
A74: 46085 | B74: 0.49527778 | C74: OM_3-4-2026_10-18-36AM.OMN | D74: S21 | E74: D1 7/31/25 | F74: 58 | G74: Unknown | H74: 1 | I74: 1 | J74: TP | K74: ug P/L | L74: 0.166 | M74: 2.8 | N74: 81.2 | O74: TN | P74: ug N/L | Q74: 0.785 | R74: 8.22 | S74: 556
A75: 46085 | B75: 0.49615741 | C75: OM_3-4-2026_10-18-36AM.OMN | D75: S22 | E75: D1 7/03/25 | F75: 59 | G75: Unknown | H75: 1 | I75: 1 | J75: TP | K75: ug P/L | L75: 0.172 | M75: 2.89 | N75: 84.4 | O75: TN | P75: ug N/L | Q75: 0.716 | R75: 7.61 | S75: 509
A76: 46085 | B76: 0.49702546 | C76: OM_3-4-2026_10-18-36AM.OMN | D76: S23 | E76: A3 6/18/25 | F76: 60 | G76: Unknown | H76: 1 | I76: 1 | J76: TP | K76: ug P/L | L76: 0.12 | M76: 2.1 | N76: 56.4 | O76: TN | P76: ug N/L | Q76: 0.753 | R76: 8.13 | S76: 550
A77: 46085 | B77: 0.49792824 | C77: OM_3-4-2026_10-18-36AM.OMN | D77: S24 | E77: R1 9/29/25 | F77: 61 | G77: Unknown | H77: 1 | I77: 1 | J77: TP | K77: ug P/L | L77: 0.142 | M77: 2.17 | N77: 58.7 | O77: TN | P77: ug N/L | Q77: 0.212 | R77: 2.37 | S77: 101
A78: 46085 | B78: 0.49881944 | C78: OM_3-4-2026_10-18-36AM.OMN | D78: S25 | E78: D2 6/18/25 | F78: 62 | G78: Duplicate Set | H78: 1 | I78: 1 | J78: TP | K78: ug P/L | L78: 0.155 | M78: 2.6 | N78: 74.3 | O78: TN | P78: ug N/L | Q78: 0.86 | R78: 9.08 | S78: 624
A79: 46085 | B79: 0.49971065 | C79: OM_3-4-2026_10-18-36AM.OMN | D79: DUP S25 | F79: 68 | G79: Duplicate Set | H79: 1 | I79: 1 | J79: TP | K79: ug P/L | L79: 0.109 | M79: 1.96 | N79: 51.5 | O79: TN | P79: ug N/L | Q79: 0.799 | R79: 8.5 | S79: 578
A80: 46085 | B80: 0.50060185 | C80: OM_3-4-2026_10-18-36AM.OMN | D80: S26 | E80: B2 6/18/25 | F80: 63 | G80: Unknown | H80: 1 | I80: 1 | J80: TP | K80: ug P/L | L80: 0.159 | M80: 2.68 | N80: 77.1 | O80: TN | P80: ug N/L | Q80: 0.645 | R80: 6.75 | S80: 442
A81: 46085 | B81: 0.50149306 | C81: OM_3-4-2026_10-18-36AM.OMN | D81: S27 | E81: C1 6/18/25 | F81: 64 | G81: Unknown | H81: 1 | I81: 1 | J81: TP | K81: ug P/L | L81: 0.109 | M81: 1.95 | N81: 51.1 | O81: TN | P81: ug N/L | Q81: 0.4 | R81: 4.33 | S81: 254
A82: 46085 | B82: 0.50238426 | C82: OM_3-4-2026_10-18-36AM.OMN | D82: S28 | E82: R1 10/27/25 | F82: 65 | G82: Unknown | H82: 1 | I82: 1 | J82: TP | K82: ug P/L | L82: 0.313 | M82: 4.98 | N82: 162 | O82: TN | P82: ug N/L | Q82: 0.329 | R82: 3.6 | S82: 197
A83: 46085 | B83: 0.50327546 | C83: OM_3-4-2026_10-18-36AM.OMN | D83: S29 | E83: C2 6/18/25 | F83: 66 | G83: Unknown | H83: 1 | I83: 1 | J83: TP | K83: ug P/L | L83: 0.175 | M83: 2.94 | N83: 86.2 | O83: TN | P83: ug N/L | Q83: 0.403 | R83: 4.34 | S83: 254
A84: 46085 | B84: 0.50416667 | C84: OM_3-4-2026_10-18-36AM.OMN | D84: S30 | E84: A1 6/18/25 | F84: 67 | G84: Unknown | H84: 1 | I84: 1 | J84: TP | K84: ug P/L | L84: 0.127 | M84: 2.27 | N84: 62.4 | O84: TN | P84: ug N/L | Q84: 0.353 | R84: 3.96 | S84: 225
A85: 46085 | B85: 0.50505787 | C85: OM_3-4-2026_10-18-36AM.OMN | D85: water | F85: S3 | G85: Unknown | H85: 1 | I85: 1 | J85: TP | K85: ug P/L | L85: 0.137 | M85: 1.39 | N85: 31.6 | O85: TN | P85: ug N/L | Q85: 0.0401 | R85: 0.0553 | S85: -79.2
A86: 46085 | B86: 0.50594907 | C86: OM_3-4-2026_10-18-36AM.OMN | D86: CHECK25 | F86: 17 | G86: Check Standard | H86: 1 | I86: 1 | J86: TP | K86: ug P/L | L86: 0.0575 | M86: 1.14 | N86: 22.9 | O86: TN | P86: ug N/L | Q86: 0.398 | R86: 4.34 | S86: 255
A87: 46085 | B87: 0.5068287 | C87: OM_3-4-2026_10-18-36AM.OMN | D87: S31 | E87: D3 7/03/25 | F87: 70 | G87: Unknown | H87: 1 | I87: 1 | J87: TP | K87: ug P/L | L87: 0.165 | M87: 2.75 | N87: 79.4 | O87: TN | P87: ug N/L | Q87: 0.621 | R87: 6.63 | S87: 432
A88: 46085 | B88: 0.50771991 | C88: OM_3-4-2026_10-18-36AM.OMN | D88: S32 | E88: D4 7/03/25 | F88: 71 | G88: Unknown | H88: 1 | I88: 1 | J88: TP | K88: ug P/L | L88: 0.177 | M88: 2.92 | N88: 85.6 | O88: TN | P88: ug N/L | Q88: 0.704 | R88: 7.52 | S88: 502
A89: 46085 | B89: 0.50859954 | C89: OM_3-4-2026_10-18-36AM.OMN | D89: S33 | E89: D2 7/31/25 | F89: 72 | G89: Unknown | H89: 1 | I89: 1 | J89: TP | K89: ug P/L | L89: 0.118 | M89: 2.04 | N89: 54.3 | O89: TN | P89: ug N/L | Q89: 0.771 | R89: 8.37 | S89: 569
A90: 46085 | B90: 0.50949074 | C90: OM_3-4-2026_10-18-36AM.OMN | D90: S34 | E90: C1 9/29/25 | F90: 73 | G90: Unknown | H90: 1 | I90: 1 | J90: TP | K90: ug P/L | L90: 0.047 | M90: 1.01 | N90: 18.5 | O90: TN | P90: ug N/L | Q90: 0.481 | R90: 5.22 | S90: 323
A91: 46085 | B91: 0.51037037 | C91: OM_3-4-2026_10-18-36AM.OMN | D91: S35 | E91: A2 6/18/25 | F91: 74 | G91: Duplicate Set | H91: 1 | I91: 1 | J91: TP | K91: ug P/L | L91: 0.12 | M91: 2.11 | N91: 56.7 | O91: TN | P91: ug N/L | Q91: 0.357 | R91: 3.89 | S91: 219
A92: 46085 | B92: 0.51130787 | C92: OM_3-4-2026_10-18-36AM.OMN | D92: DUP S35 | F92: 80 | G92: Duplicate Set | H92: 1 | I92: 1 | J92: TP | K92: ug P/L | L92: 0.0732 | M92: 1.36 | N92: 30.7 | O92: TN | P92: ug N/L | Q92: 0.266 | R92: 2.86 | S92: 140
A93: 46085 | B93: 0.5121875 | C93: OM_3-4-2026_10-18-36AM.OMN | D93: S36 | F93: 75 | G93: Unknown | H93: 1 | I93: 1 | J93: TP | K93: ug P/L | L93: 0.082 | M93: 1.49 | N93: 35.1 | O93: TN | P93: ug N/L | Q93: 1.77 | R93: 18.6 | S93: 1360
A94: 46085 | B94: 0.5130787 | C94: OM_3-4-2026_10-18-36AM.OMN | D94: S37 | F94: 76 | G94: Unknown | H94: 1 | I94: 1 | J94: TP | K94: ug P/L | L94: 0.0278 | M94: 0.657 | N94: 6.59 | O94: TN | P94: ug N/L | Q94: 0.361 | R94: 3.94 | S94: 223
A95: 46085 | B95: 0.51393519 | C95: OM_3-4-2026_10-18-36AM.OMN | D95: S38 | F95: 77 | G95: Unknown | H95: 1 | I95: 1 | J95: TP | K95: ug P/L | L95: 0.62 | M95: 9.69 | N95: 352 | O95: TN | P95: ug N/L | Q95: 2.4 | R95: 24.7 | S95: 1840
A96: 46085 | B96: 0.51482639 | C96: OM_3-4-2026_10-18-36AM.OMN | D96: S39 | F96: 78 | G96: Unknown | H96: 1 | I96: 1 | J96: TP | K96: ug P/L | L96: 0.0771 | M96: 1.46 | N96: 33.9 | O96: TN | P96: ug N/L | Q96: 0.947 | R96: 8.66 | S96: 590
A99: Detection Date | B99: Detection Time | C99: Run File Name | D99: Sample ID | F99: Cup Number | G99: Sample Type | H99: Auto Dilution Factor | I99: Manual Dilution Factor | J99: Analyte Name | K99: Concentration Units | L99: Peak Height | M99: Peak Area | N99: Peak Concentration | O99: Analyte Name | P99: Concentration Units | Q99: Peak Height | R99: Peak Area | S99: Peak Concentration
A101: 46085 | B101: 0.52902778 | C101: OM_3-4-2026_12-38-43PM.OMN | D101: S40 | F101: 79 | G101: Spike Set | H101: 1 | I101: 1 | J101: TP | K101: ug P/L | L101: 0.0835 | M101: 1.82 | N101: 48 | O101: TN | P101: ug N/L | Q101: 4.64 | R101: 60.3 | S101: 5620
A102: 46085 | B102: 0.52993056 | C102: OM_3-4-2026_12-38-43PM.OMN | D102: SPIKE S40 | F102: 81 | G102: Spike Set | H102: 1 | I102: 1 | J102: TP | K102: ug P/L | L102: 0.119 | M102: 2.4 | N102: 68.4 | O102: TN | P102: ug N/L | Q102: 5.13 | R102: 66.7 | S102: 6100
A103: 46085 | B103: 0.53083333 | C103: OM_3-4-2026_12-38-43PM.OMN | D103: BISULFATE | F103: S4 | G103: Unknown | H103: 1 | I103: 1 | J103: TP | K103: ug P/L | L103: 0.0125 | M103: 0.139 | N103: -10.4 | O103: TN | P103: ug N/L | Q103: 0.0204 | R103: 0.318 | S103: -54.8
A104: 46085 | B104: 0.53172454 | C104: OM_3-4-2026_12-38-43PM.OMN | D104: CHECK 25 | F104: 18 | G104: Check Standard | H104: 1 | I104: 1 | J104: TP | K104: ug P/L | L104: 0.0544 | M104: 1.26 | N104: 28.2 | O104: TN | P104: ug N/L | Q104: 0.39 | R104: 4.78 | S104: 437
A105: 46085 | B105: 0.53260417 | C105: OM_3-4-2026_12-38-43PM.OMN | D105: NO2 | F105: S1 | G105: Unknown | H105: 1 | I105: 1 | J105: TP | K105: ug P/L | L105: 0.135 | M105: 1.64 | N105: 41.7 | O105: TN | P105: ug N/L | Q105: 1.85 | R105: 24.5 | S105: 2480
A106: 46085 | B106: 0.53349537 | C106: OM_3-4-2026_12-38-43PM.OMN | D106: NO3 | F106: S2 | G106: Unknown | H106: 1 | I106: 1 | J106: TP | K106: ug P/L | L106: 0.139 | M106: 1.72 | N106: 44.5 | O106: TN | P106: ug N/L | Q106: 1.94 | R106: 24.9 | S106: 2510
A107: 46085 | B107: 0.534375 | C107: OM_3-4-2026_12-38-43PM.OMN | D107: S41 | F107: 82 | G107: Unknown | H107: 1 | I107: 1 | J107: TP | K107: ug P/L | L107: 0.0194 | M107: 0.567 | N107: 4.33 | O107: TN | P107: ug N/L | Q107: 0.299 | R107: 4.02 | S107: 354
...

Sheet Calibration-S40 to end
A1: Output from R:
A3: TN | M3: TP
A5: Call: | M5: Call:
A6: lm(formula = x ~ poly(y, 2, raw = TRUE), data = data1, weights = 1/x) | M6: lm(formula = x ~ poly(y, 2, raw = TRUE), data = data1, weights = 1/x)
A8: Weighted Residuals: | M8: Weighted Residuals:
A9: 1 2 3 4 5 6 7 | M9: 1 2 3 4 5 6
A10: 0.19585 -0.42934 -0.64886 2.07653 0.19881 -1.13711 0.02949 | H10: Coefficients extracted: | M10: 0.097423 -0.189299 0.005276 0.068237 0.125252 -0.026673 | T10: Coefficients extracted:
H11: a | I11: -0.8422 | T11: a | U11: -0.3627
A12: Coefficients: | H12: b | I12: 79.2321 | M12: Coefficients: | T12: b | U12: 31.3525
A13: Estimate Std. Error t value Pr(>|t|) | H13: c | I13: -99.6559 | M13: Estimate Std. Error t value Pr(>|t|) | T13: c | U13: -14.1767
A14: (Intercept) -99.6559 4.5934 -21.695 2.67e-05 *** | M14: (Intercept) -14.1767 0.3618 -39.184 3.66e-05 ***
A15: poly(y, 2, raw = TRUE)1 79.2321 3.6608 21.643 2.70e-05 *** | M15: poly(y, 2, raw = TRUE)1 31.3525 0.7803 40.180 3.39e-05 ***
A16: poly(y, 2, raw = TRUE)2 -0.8422 0.1476 -5.704 0.00467 ** | M16: poly(y, 2, raw = TRUE)2 -0.3627 0.1590 -2.282 0.107
A17: --- | M17: ---
A18: Signif. codes: 0 ‘***’ 0.001 ‘**’ 0.01 ‘*’ 0.05 ‘.’ 0.1 ‘ ’ 1 | M18: Signif. codes: 0 ‘***’ 0.001 ‘**’ 0.01 ‘*’ 0.05 ‘.’ 0.1 ‘ ’ 1
A20: Residual standard error: 1.254 on 4 degrees of freedom | M20: Residual standard error: 0.1488 on 3 degrees of freedom
A21: Multiple R-squared: 0.9981, Adjusted R-squared: 0.9972 | M21: Multiple R-squared: 0.9998, Adjusted R-squared: 0.9997
A22: F-statistic: 1074 on 2 and 4 DF, p-value: 3.455e-06 | M22: F-statistic: 7315 on 2 and 3 DF, p-value: 2.935e-06
